post_id,user_id,account_type,post_date,likes,comments,shares,content_type
1,103,personal,2023-12-27,20,1,3,photo
2,180,personal,2023-12-07,17,5,1,photo
3,93,personal,2023-09-15,35,10,4,photo
4,15,personal,2023-09-06,34,9,3,photo
5,107,business,2023-11-27,18,8,4,video
6,72,personal,2023-11-19,37,3,3,video
7,189,personal,2023-06-29,29,5,2,video
8,21,personal,2023-07-09,33,6,3,video
9,103,personal,2023-06-03,31,10,1,video
10,122,creator,2023-07-15,2,10,3,photo
11,75,personal,2023-11-07,2,7,4,video
12,88,personal,2023-09-19,27,3,1,photo
13,117,personal,2023-05-23,14,0,2,photo
14,100,personal,2023-12-08,40,6,1,photo
15,104,business,2023-11-12,32,2,2,video
16,152,personal,2023-04-11,39,5,1,video
17,131,business,2023-09-01,20,1,0,photo
18,150,personal,2023-01-12,31,8,2,video
19,53,business,2023-08-27,45,0,2,carousel
20,2,personal,2023-02-18,32,5,5,photo
21,88,personal,2023-02-11,23,5,5,photo
22,158,personal,2023-06-15,38,4,4,video
23,38,creator,2023-03-23,33,9,0,photo
24,130,business,2023-10-18,37,0,3,video
25,192,personal,2023-06-07,36,9,2,photo
26,188,creator,2023-08-04,6,9,4,photo
27,21,personal,2023-06-07,3,1,1,video
28,161,creator,2023-05-14,36,11,1,video
29,58,personal,2023-03-08,0,2,2,video
30,22,business,2023-12-02,10,3,0,video
31,89,business,2023-01-07,29,2,1,video
32,49,business,2023-01-14,28,2,0,video
33,59,personal,2023-03-14,28,3,1,photo
34,170,personal,2023-06-12,9,4,3,photo
35,188,business,2023-03-07,27,0,3,photo
36,15,personal,2023-12-13,27,3,2,video
37,190,creator,2023-05-10,34,15,1,photo
38,190,business,2023-07-25,40,7,2,photo
39,175,personal,2023-10-03,26,9,3,photo
40,190,business,2023-09-13,20,6,2,video
41,51,personal,2023-09-23,37,8,5,video
42,108,business,2023-01-25,14,4,4,photo
43,55,business,2023-10-08,17,9,4,video
44,64,personal,2023-09-10,33,3,1,photo
45,131,personal,2023-11-06,11,7,2,photo
46,51,creator,2023-10-16,37,13,3,video
47,135,personal,2023-06-13,0,6,1,photo
48,21,personal,2023-04-05,30,6,2,carousel
49,73,personal,2023-09-27,3,4,2,photo
50,167,personal,2023-11-17,4,3,3,photo
51,18,personal,2023-04-20,29,9,3,carousel
52,132,personal,2023-12-02,23,0,1,photo
53,89,personal,2023-11-06,2,9,3,carousel
54,60,personal,2023-08-26,10,9,2,carousel
55,14,personal,2023-01-25,3,6,3,photo
56,9,personal,2023-05-21,25,0,5,photo
57,90,personal,2023-04-27,26,0,3,photo
58,53,personal,2023-01-25,26,4,2,photo
59,130,personal,2023-03-20,5,8,1,photo
60,84,personal,2023-03-09,14,5,4,photo
61,92,business,2023-06-22,39,2,2,photo
62,111,personal,2023-01-12,36,2,2,photo
63,188,business,2023-10-15,46,6,3,carousel
64,199,business,2023-05-08,46,5,3,video
65,172,personal,2023-04-06,34,8,5,video
66,8,creator,2023-04-02,22,10,3,photo
67,175,creator,2023-05-21,5,9,1,video
68,35,personal,2023-01-31,3,9,2,photo
69,81,personal,2023-11-30,17,6,3,video
70,164,creator,2023-01-20,8,5,2,carousel
71,50,business,2023-05-26,38,6,2,photo
72,104,personal,2023-11-12,12,2,4,video
73,132,business,2023-06-09,26,8,3,video
74,2,business,2023-12-15,41,5,4,carousel
75,134,business,2023-02-12,31,8,2,video
76,54,business,2023-09-11,13,4,0,photo
77,106,business,2023-05-10,14,6,4,photo
78,4,personal,2023-03-01,36,3,1,photo
79,54,personal,2023-05-31,40,6,4,video
80,191,personal,2023-10-14,12,0,5,photo
81,146,creator,2023-01-05,33,11,4,video
82,44,personal,2023-09-23,21,7,2,photo
83,162,personal,2023-12-11,22,4,4,photo
84,190,personal,2023-05-10,2,1,4,photo
85,14,personal,2023-09-24,33,4,5,video
86,95,business,2023-06-27,41,5,3,photo
87,48,business,2023-09-10,30,1,4,photo
88,15,personal,2023-02-25,20,5,2,photo
89,200,personal,2023-03-24,10,5,5,photo
90,190,personal,2023-04-09,38,0,4,photo
91,40,personal,2023-05-29,3,0,4,video
92,82,personal,2023-11-25,0,10,5,photo
93,111,personal,2023-06-05,27,9,5,photo
94,53,personal,2023-07-09,23,2,5,video
95,24,personal,2023-09-20,34,9,3,carousel
96,154,personal,2023-03-21,12,9,4,video
97,188,personal,2023-09-09,33,2,4,photo
98,124,personal,2023-04-07,10,3,3,video
99,41,personal,2023-09-17,35,1,5,carousel
100,157,business,2023-09-17,26,8,1,video
101,15,personal,2023-04-13,34,9,5,photo
102,45,personal,2023-02-09,17,10,5,photo
103,65,business,2023-09-30,49,6,2,video
104,89,personal,2023-04-11,21,6,4,photo
105,71,business,2023-12-25,33,5,4,photo
106,9,personal,2023-11-04,18,2,4,video
107,88,creator,2023-08-09,36,10,0,video
108,129,business,2023-11-04,48,7,3,photo
109,136,business,2023-05-04,30,7,1,video
110,63,business,2023-08-19,17,10,1,photo
111,139,personal,2023-06-27,27,8,5,photo
112,81,personal,2023-03-04,4,0,4,video
113,136,business,2023-04-26,26,0,4,photo
114,163,personal,2023-07-10,36,2,3,photo
115,163,business,2023-03-03,45,2,1,carousel
116,33,personal,2023-09-13,18,9,5,photo
117,123,personal,2023-01-07,26,7,3,photo
118,5,personal,2023-06-04,33,9,5,carousel
119,41,personal,2023-04-02,10,0,4,video
120,28,personal,2023-01-14,11,1,4,video
121,135,personal,2023-08-17,20,1,4,video
122,72,personal,2023-03-27,10,2,4,photo
123,12,personal,2023-05-13,38,5,1,video
124,162,personal,2023-07-02,27,0,3,photo
125,33,business,2023-03-03,14,1,2,video
126,48,personal,2023-08-07,16,0,4,photo
127,151,personal,2023-09-03,19,4,1,video
128,62,personal,2023-08-18,40,6,4,photo
129,37,business,2023-03-20,21,7,0,photo
130,99,personal,2023-05-29,5,9,4,video
131,172,business,2023-05-18,26,0,1,video
132,104,creator,2023-11-10,18,11,1,video
133,35,personal,2023-03-06,25,4,5,photo
134,193,personal,2023-01-13,31,9,4,photo
135,101,personal,2023-08-01,5,0,3,video
136,175,personal,2023-08-30,35,2,5,video
137,131,personal,2023-08-01,37,6,2,video
138,1,creator,2023-06-30,10,14,3,carousel
139,5,personal,2023-12-04,32,0,5,video
140,142,personal,2023-06-22,23,6,4,photo
141,103,personal,2023-06-09,22,4,2,video
142,27,business,2023-06-13,24,0,4,carousel
143,137,personal,2023-07-07,26,0,2,video
144,15,personal,2023-07-10,10,0,1,video
145,90,creator,2023-11-04,16,15,1,video
146,42,business,2023-09-13,23,8,3,photo
147,124,personal,2023-07-02,26,10,3,photo
148,179,personal,2023-04-27,17,2,2,photo
149,63,business,2023-10-09,37,4,2,carousel
150,96,personal,2023-07-15,3,10,1,video
151,52,personal,2023-02-03,6,9,5,photo
152,96,personal,2023-02-21,34,8,5,carousel
153,132,personal,2023-04-22,8,5,3,photo
154,151,business,2023-09-09,17,8,4,photo
155,143,creator,2023-03-23,16,12,1,video
156,171,personal,2023-08-20,16,7,3,video
157,29,personal,2023-08-15,32,0,4,photo
158,36,personal,2023-08-21,31,8,2,photo
159,13,personal,2023-08-09,7,5,2,photo
160,160,business,2023-02-11,28,8,1,photo
161,71,personal,2023-01-21,37,2,4,photo
162,187,personal,2023-02-11,2,2,1,photo
163,86,personal,2023-04-23,4,5,5,photo
164,28,personal,2023-04-15,12,8,3,photo
165,66,personal,2023-07-11,30,6,1,photo
166,170,business,2023-01-17,25,2,2,photo
167,45,personal,2023-04-30,31,2,5,video
168,62,business,2023-05-09,31,1,3,video
169,185,personal,2023-05-10,28,8,2,photo
170,134,personal,2023-03-01,21,2,2,photo
171,28,personal,2023-02-17,2,10,4,photo
172,28,business,2023-01-29,19,4,0,photo
173,108,creator,2023-04-07,20,13,0,photo
174,44,personal,2023-01-10,15,7,3,photo
175,84,personal,2023-08-30,11,1,4,photo
176,30,creator,2023-11-10,1,7,0,video
177,190,personal,2023-08-20,40,1,4,photo
178,75,personal,2023-10-04,23,7,5,photo
179,128,creator,2023-10-11,34,10,1,video
180,92,personal,2023-07-22,29,5,2,photo
181,190,personal,2023-09-04,29,8,2,photo
182,129,personal,2023-10-17,34,7,4,photo
183,121,personal,2023-09-21,18,3,4,photo
184,27,personal,2023-08-02,7,3,3,video
185,190,business,2023-07-19,35,8,1,photo
186,121,personal,2023-03-20,39,0,3,photo
187,116,personal,2023-12-09,6,1,2,photo
188,3,personal,2023-12-10,29,1,3,photo
189,103,personal,2023-06-22,6,5,3,video
190,198,creator,2023-03-10,2,8,4,video
191,200,personal,2023-03-28,0,10,3,photo
192,155,personal,2023-04-11,35,9,4,photo
193,137,business,2023-01-08,34,2,2,photo
194,62,personal,2023-11-29,36,2,2,video
195,165,personal,2023-07-19,0,2,3,photo
196,51,personal,2023-03-28,14,5,1,photo
197,172,personal,2023-02-12,36,7,2,photo
198,152,personal,2023-04-19,12,10,1,photo
199,59,personal,2023-06-01,39,6,2,photo
200,118,business,2023-01-17,17,3,3,photo
201,160,personal,2023-05-13,4,10,4,photo
202,96,personal,2023-05-28,8,3,4,photo
203,180,personal,2023-10-04,0,10,1,photo
204,113,personal,2023-08-20,35,9,5,video
205,62,business,2023-11-10,44,10,1,photo
206,186,personal,2023-08-16,1,10,4,photo
207,52,personal,2023-05-19,39,10,2,video
208,12,business,2023-07-30,32,1,0,photo
209,39,personal,2023-01-28,8,0,5,video
210,130,personal,2023-02-20,33,8,1,video
211,131,personal,2023-09-18,13,1,2,photo
212,113,personal,2023-09-18,3,7,5,carousel
213,101,business,2023-12-16,39,8,4,photo
214,113,personal,2023-12-18,30,3,1,photo
215,184,personal,2023-01-08,37,7,4,photo
216,81,personal,2023-11-16,10,8,2,photo
217,187,business,2023-05-18,44,9,2,video
218,113,personal,2023-02-07,7,9,3,video
219,2,business,2023-04-21,12,4,0,video
220,130,personal,2023-08-08,13,6,2,carousel
221,54,business,2023-12-03,22,9,1,video
222,87,creator,2023-08-11,31,8,0,video
223,129,business,2023-05-16,43,0,1,photo
224,147,business,2023-09-13,28,2,3,photo
225,126,personal,2023-12-26,37,4,1,photo
226,130,personal,2023-11-25,15,2,4,video
227,53,personal,2023-02-18,1,10,2,photo
228,172,personal,2023-10-19,39,6,1,photo
229,160,personal,2023-11-20,16,8,2,photo
230,198,personal,2023-03-19,33,5,1,photo
231,160,personal,2023-04-15,15,9,2,photo
232,68,personal,2023-06-18,37,0,4,photo
233,183,business,2023-08-05,11,6,3,video
234,184,personal,2023-04-29,1,2,2,photo
235,123,business,2023-07-09,35,4,0,video
236,145,business,2023-09-12,22,9,2,photo
237,38,creator,2023-09-23,30,8,3,photo
238,24,personal,2023-05-29,33,9,4,photo
239,69,business,2023-06-13,48,4,2,photo
240,116,creator,2023-05-20,2,9,1,photo
241,98,creator,2023-12-13,7,10,0,photo
242,198,personal,2023-09-15,22,9,2,photo
243,139,personal,2023-09-26,13,9,5,photo
244,144,personal,2023-06-30,26,10,4,photo
245,97,personal,2023-06-09,28,5,5,video
246,124,personal,2023-12-17,38,7,4,video
247,187,business,2023-10-15,48,7,3,photo
248,70,business,2023-10-15,10,10,4,carousel
249,93,personal,2023-08-14,16,8,5,photo
250,3,business,2023-01-11,50,7,1,video
251,148,personal,2023-01-10,29,10,5,video
252,187,business,2023-09-28,22,1,1,video
253,164,creator,2023-09-30,20,14,1,photo
254,147,personal,2023-07-02,18,10,2,photo
255,90,personal,2023-06-02,18,0,4,photo
256,195,business,2023-11-11,34,9,3,photo
257,147,personal,2023-11-30,21,1,5,photo
258,148,personal,2023-05-04,30,1,4,photo
259,96,business,2023-04-24,26,2,4,photo
260,199,personal,2023-10-05,22,9,4,photo
261,52,business,2023-08-01,41,6,0,video
262,161,personal,2023-06-21,9,1,1,video
263,168,business,2023-10-15,19,0,4,carousel
264,128,personal,2023-06-23,35,5,4,photo
265,39,creator,2023-04-23,7,13,3,video
266,82,business,2023-05-02,29,2,1,video
267,104,personal,2023-02-01,31,5,3,photo
268,129,personal,2023-08-10,13,2,5,photo
269,11,creator,2023-04-29,27,5,2,carousel
270,185,personal,2023-02-08,23,4,3,photo
271,178,personal,2023-09-25,14,9,5,photo
272,151,personal,2023-08-21,21,10,4,photo
273,159,personal,2023-01-18,29,3,5,photo
274,42,business,2023-05-29,13,6,2,video
275,99,personal,2023-05-29,12,5,4,video
276,7,personal,2023-05-06,22,9,1,photo
277,144,personal,2023-10-29,7,6,5,photo
278,90,personal,2023-12-26,17,4,5,photo
279,112,personal,2023-08-26,11,3,4,photo
280,60,personal,2023-05-15,30,6,1,photo
281,113,creator,2023-05-31,13,11,0,video
282,2,personal,2023-08-24,33,5,4,photo
283,129,personal,2023-08-12,17,7,2,photo
284,48,business,2023-07-22,43,3,4,video
285,140,personal,2023-09-13,10,9,5,photo
286,197,business,2023-03-27,50,4,2,video
287,37,personal,2023-05-30,11,3,4,video
288,160,personal,2023-08-23,14,0,3,video
289,9,personal,2023-12-11,30,7,3,photo
290,99,personal,2023-01-22,28,0,1,photo
291,147,business,2023-12-14,35,4,4,photo
292,48,personal,2023-10-12,17,5,3,photo
293,131,personal,2023-09-26,31,5,1,video
294,148,personal,2023-09-15,21,4,4,video
295,152,personal,2023-01-29,37,2,3,video
296,54,business,2023-08-01,26,4,4,carousel
297,120,personal,2023-10-10,22,7,3,video
298,161,personal,2023-02-19,23,1,4,photo
299,152,personal,2023-04-05,7,5,3,photo
300,116,personal,2023-03-29,40,8,5,video
301,75,business,2023-02-13,15,7,0,photo
302,113,personal,2023-10-05,4,10,5,photo
303,200,business,2023-06-20,38,7,0,photo
304,164,personal,2023-07-08,27,7,2,video
305,166,personal,2023-12-19,10,6,5,photo
306,104,creator,2023-07-03,0,12,4,video
307,84,personal,2023-01-03,18,5,4,video
308,112,personal,2023-07-10,8,1,3,photo
309,99,business,2023-04-28,36,1,0,photo
310,153,personal,2023-01-19,33,7,1,photo
311,93,business,2023-01-23,13,10,3,video
312,146,personal,2023-01-30,35,0,4,video
313,128,creator,2023-10-22,17,10,2,video
314,110,business,2023-04-18,24,5,2,photo
315,82,personal,2023-10-08,12,10,5,photo
316,194,creator,2023-05-08,18,8,1,photo
317,54,personal,2023-08-17,5,10,3,video
318,163,creator,2023-04-21,11,15,3,photo
319,189,personal,2023-05-16,36,9,3,photo
320,169,personal,2023-12-28,16,2,1,photo
321,161,personal,2023-07-05,22,10,2,photo
322,68,personal,2023-05-24,25,2,5,photo
323,33,personal,2023-03-13,28,0,1,photo
324,142,business,2023-05-09,42,2,0,photo
325,21,business,2023-12-30,36,3,1,photo
326,48,creator,2023-09-18,24,15,4,video
327,148,personal,2023-01-03,9,10,4,video
328,128,personal,2023-04-14,22,4,5,photo
329,136,personal,2023-08-12,20,2,3,video
330,135,personal,2023-11-16,20,5,1,photo
331,195,personal,2023-12-28,12,10,3,photo
332,145,personal,2023-12-20,36,4,4,video
333,128,business,2023-01-10,42,2,2,video
334,33,personal,2023-10-29,23,5,5,video
335,176,personal,2023-08-19,10,5,3,photo
336,187,personal,2023-08-07,16,7,4,photo
337,115,personal,2023-03-07,3,1,4,video
338,119,personal,2023-04-22,24,0,4,photo
339,22,creator,2023-01-13,29,8,4,photo
340,158,personal,2023-03-27,8,6,4,video
341,38,personal,2023-08-22,20,10,1,video
342,109,personal,2023-03-31,19,9,4,video
343,51,business,2023-11-10,28,2,2,photo
344,182,creator,2023-02-23,18,7,2,video
345,8,business,2023-01-12,21,4,2,photo
346,27,personal,2023-07-28,36,4,5,photo
347,27,personal,2023-01-14,16,9,3,video
348,21,personal,2023-05-01,36,2,5,photo
349,30,creator,2023-01-20,38,13,4,photo
350,97,business,2023-03-16,37,3,3,video
351,28,personal,2023-08-31,40,2,1,photo
352,111,business,2023-08-11,44,10,3,photo
353,192,business,2023-03-11,27,1,3,photo
354,197,personal,2023-11-08,13,9,5,photo
355,61,creator,2023-07-30,34,15,4,photo
356,48,creator,2023-04-11,40,13,2,video
357,147,personal,2023-07-05,6,3,3,video
358,4,personal,2023-05-12,40,2,4,photo
359,35,personal,2023-04-21,12,6,2,video
360,192,personal,2023-05-12,17,7,2,photo
361,49,personal,2023-01-20,36,10,3,photo
362,17,personal,2023-01-24,12,1,2,video
363,172,creator,2023-08-15,35,11,2,photo
364,158,personal,2023-06-03,30,4,5,carousel
365,46,personal,2023-10-20,1,10,4,photo
366,117,personal,2023-08-18,15,4,1,video
367,6,personal,2023-11-06,8,2,4,photo
368,99,business,2023-12-25,18,4,2,photo
369,124,personal,2023-07-21,37,1,3,photo
370,37,personal,2023-02-07,10,3,4,video
371,24,personal,2023-09-17,21,5,3,photo
372,93,business,2023-07-07,42,0,1,carousel
373,46,business,2023-02-26,45,9,1,photo
374,181,personal,2023-01-20,22,3,3,photo
375,95,personal,2023-09-30,33,5,3,photo
376,99,personal,2023-04-29,8,8,2,video
377,188,personal,2023-03-12,23,10,3,video
378,116,personal,2023-01-04,7,10,3,photo
379,191,personal,2023-08-09,6,1,4,video
380,160,personal,2023-01-14,35,10,1,photo
381,161,personal,2023-01-03,17,6,2,video
382,67,business,2023-08-04,12,5,3,video
383,128,personal,2023-08-17,27,1,1,photo
384,18,personal,2023-12-02,5,7,3,photo
385,25,personal,2023-07-05,20,6,3,carousel
386,54,personal,2023-02-24,27,10,4,video
387,58,business,2023-09-11,49,4,2,photo
388,67,personal,2023-01-24,0,4,5,photo
389,104,personal,2023-06-11,35,6,4,photo
390,174,business,2023-06-07,30,8,0,photo
391,24,personal,2023-03-23,34,10,4,video
392,114,personal,2023-06-08,12,8,2,video
393,32,business,2023-07-07,19,8,3,photo
394,175,personal,2023-03-01,9,5,3,photo
395,86,personal,2023-11-01,12,9,3,photo
396,151,creator,2023-11-15,36,10,4,photo
397,194,personal,2023-07-30,37,2,5,photo
398,127,personal,2023-06-01,23,0,5,photo
399,155,personal,2023-04-19,1,6,1,photo
400,130,creator,2023-03-17,21,8,4,photo
401,17,personal,2023-01-30,16,0,1,photo
402,104,personal,2023-11-10,35,7,5,photo
403,161,personal,2023-04-27,13,5,1,photo
404,137,personal,2023-12-22,9,5,4,photo
405,43,personal,2023-07-11,34,1,4,photo
406,176,personal,2023-01-19,24,0,3,photo
407,39,personal,2023-06-22,2,1,1,photo
408,170,personal,2023-08-16,37,3,2,video
409,26,personal,2023-12-16,16,1,3,carousel
410,99,personal,2023-07-02,11,0,4,video
411,50,personal,2023-04-23,23,6,1,photo
412,153,personal,2023-07-02,28,10,5,video
413,152,business,2023-05-26,34,10,1,video
414,13,personal,2023-11-15,35,7,4,photo
415,60,personal,2023-04-26,25,5,3,photo
416,135,personal,2023-04-23,37,3,1,video
417,57,business,2023-09-08,10,5,1,photo
418,36,business,2023-09-08,29,2,0,photo
419,173,personal,2023-10-30,27,7,5,video
420,20,personal,2023-11-09,15,9,3,video
421,65,creator,2023-04-28,16,6,0,photo
422,8,personal,2023-10-28,39,4,4,photo
423,144,personal,2023-06-10,27,0,3,photo
424,142,personal,2023-07-17,11,5,4,video
425,115,personal,2023-09-17,26,1,1,photo
426,143,creator,2023-05-28,29,8,2,photo
427,92,business,2023-08-28,50,5,3,video
428,98,personal,2023-02-16,33,9,5,photo
429,66,personal,2023-07-17,36,10,5,video
430,32,creator,2023-02-16,5,12,0,photo
431,191,business,2023-03-19,16,7,2,photo
432,86,personal,2023-05-04,31,10,2,video
433,51,creator,2023-03-16,31,10,2,photo
434,153,creator,2023-12-25,24,8,4,photo
435,186,business,2023-05-17,42,7,3,photo
436,63,personal,2023-03-31,6,7,2,video
437,190,personal,2023-11-21,11,9,1,carousel
438,125,business,2023-03-02,25,0,1,carousel
439,150,personal,2023-05-18,15,3,1,photo
440,58,business,2023-02-19,45,3,1,photo
441,58,personal,2023-09-16,12,6,1,photo
442,86,personal,2023-04-17,6,10,1,video
443,49,personal,2023-04-23,35,6,2,photo
444,180,personal,2023-12-16,8,10,2,carousel
445,170,creator,2023-09-11,31,12,0,photo
446,70,business,2023-04-28,20,10,4,carousel
447,15,business,2023-07-17,17,4,1,video
448,54,personal,2023-12-03,32,6,3,video
449,188,personal,2023-12-31,22,7,4,photo
450,101,personal,2023-02-20,24,8,1,photo
451,8,personal,2023-09-02,7,2,1,photo
452,53,personal,2023-02-04,21,2,4,photo
453,60,personal,2023-10-29,3,3,5,photo
454,108,personal,2023-03-10,39,4,4,photo
455,5,personal,2023-12-15,2,9,2,photo
456,103,creator,2023-11-16,28,5,3,video
457,196,business,2023-02-18,50,6,0,video
458,6,personal,2023-03-15,28,8,4,photo
459,109,personal,2023-07-11,33,7,3,carousel
460,116,business,2023-09-18,43,4,1,photo
461,94,personal,2023-12-22,27,3,4,photo
462,47,business,2023-03-11,22,6,0,photo
463,99,business,2023-03-31,24,4,1,video
464,55,personal,2023-09-17,22,6,1,photo
465,168,personal,2023-05-06,25,0,5,photo
466,52,personal,2023-08-19,3,0,3,video
467,144,personal,2023-10-22,25,9,5,photo
468,13,personal,2023-05-09,39,2,3,video
469,114,business,2023-10-07,18,10,3,carousel
470,124,personal,2023-11-09,4,1,2,carousel
471,106,personal,2023-04-10,31,1,4,photo
472,158,creator,2023-11-22,19,11,2,photo
473,147,business,2023-10-24,20,9,2,photo
474,145,personal,2023-07-01,14,1,3,photo
475,120,personal,2023-06-23,31,10,1,photo
476,63,personal,2023-11-12,27,3,2,photo
477,19,personal,2023-12-30,21,1,4,carousel
478,92,personal,2023-07-07,40,5,4,carousel
479,58,personal,2023-02-26,16,7,5,photo
480,183,creator,2023-01-31,25,14,2,photo
481,90,personal,2023-03-25,6,3,3,photo
482,117,business,2023-06-01,35,4,2,photo
483,62,creator,2023-02-05,24,8,3,video
484,23,personal,2023-08-01,9,2,5,video
485,127,business,2023-12-30,28,4,0,video
486,137,personal,2023-04-16,10,8,2,video
487,140,creator,2023-12-08,12,12,0,photo
488,129,personal,2023-08-08,7,7,4,video
489,58,personal,2023-06-12,39,7,3,photo
490,122,personal,2023-08-08,3,7,2,photo
491,1,business,2023-09-27,40,6,3,photo
492,34,business,2023-04-30,37,7,3,photo
493,96,personal,2023-12-02,10,10,4,photo
494,126,business,2023-07-01,10,7,1,photo
495,118,personal,2023-04-16,37,7,2,carousel
496,48,personal,2023-08-05,23,9,5,photo
497,89,personal,2023-07-24,30,6,5,photo
498,117,personal,2023-03-11,40,0,1,photo
499,129,personal,2023-02-13,25,3,2,video
500,16,creator,2023-11-25,4,8,1,photo
501,189,personal,2023-10-28,19,4,2,carousel
502,192,personal,2023-08-16,40,9,5,video
503,191,personal,2023-07-03,10,5,4,photo
504,69,business,2023-04-17,42,3,2,video
505,22,creator,2023-03-25,37,6,4,photo
506,93,personal,2023-12-04,26,5,2,photo
507,195,business,2023-09-07,43,7,4,video
508,76,personal,2023-12-29,14,7,1,photo
509,154,business,2023-01-21,41,6,1,photo
510,144,personal,2023-07-15,20,5,1,photo
511,179,creator,2023-06-27,4,6,1,photo
512,86,personal,2023-01-07,5,6,5,carousel
513,185,personal,2023-03-11,37,10,4,photo
514,29,business,2023-05-07,31,4,2,video
515,69,personal,2023-06-09,17,5,1,photo
516,47,personal,2023-09-05,13,9,5,video
517,94,personal,2023-07-22,9,7,4,photo
518,190,personal,2023-05-28,12,7,5,photo
519,197,personal,2023-05-23,30,2,1,video
520,144,personal,2023-07-18,29,6,3,photo
521,176,personal,2023-06-03,2,0,5,photo
522,85,personal,2023-05-22,29,0,2,photo
523,39,business,2023-11-09,15,6,3,video
524,100,personal,2023-06-14,28,9,5,photo
525,33,personal,2023-11-10,7,8,4,carousel
526,101,personal,2023-01-21,32,6,2,photo
527,23,personal,2023-03-23,16,9,3,photo
528,10,business,2023-03-10,20,4,2,video
529,69,personal,2023-05-11,12,7,2,video
530,100,personal,2023-03-28,10,1,4,video
531,34,business,2023-08-06,40,8,4,carousel
532,180,business,2023-11-01,37,5,1,photo
533,138,personal,2023-12-11,5,8,1,photo
534,147,business,2023-12-07,50,1,3,photo
535,186,creator,2023-06-10,15,7,2,video
536,96,personal,2023-06-27,3,7,2,video
537,1,business,2023-04-27,44,0,2,photo
538,69,business,2023-07-15,35,9,3,photo
539,4,personal,2023-11-23,11,6,3,photo
540,16,personal,2023-03-27,10,6,2,video
541,24,personal,2023-10-16,36,0,4,photo
542,80,business,2023-03-22,34,8,0,photo
543,2,creator,2023-06-01,17,12,1,photo
544,128,personal,2023-03-02,18,3,5,video
545,160,personal,2023-03-02,22,9,2,video
546,84,personal,2023-12-20,37,10,4,video
547,152,personal,2023-01-28,17,4,2,photo
548,140,personal,2023-02-12,25,1,1,photo
549,178,personal,2023-06-18,5,8,1,video
550,163,business,2023-03-27,13,5,4,carousel
551,124,personal,2023-06-26,28,2,3,photo
552,33,business,2023-01-17,43,6,3,photo
553,161,personal,2023-04-08,16,8,4,photo
554,189,personal,2023-07-17,15,2,3,photo
555,179,personal,2023-04-08,1,1,1,video
556,171,personal,2023-03-06,33,6,1,photo
557,101,creator,2023-11-26,7,11,1,photo
558,12,personal,2023-12-07,12,3,5,photo
559,67,business,2023-01-05,17,10,4,photo
560,65,personal,2023-01-02,29,8,5,photo
561,161,business,2023-01-22,41,7,1,photo
562,168,personal,2023-04-22,35,0,5,photo
563,74,business,2023-02-26,39,0,2,video
564,43,business,2023-03-07,10,4,1,photo
565,44,personal,2023-11-26,38,5,3,photo
566,29,personal,2023-04-08,16,2,2,carousel
567,141,business,2023-05-24,29,8,4,video
568,12,creator,2023-05-05,23,14,2,video
569,95,personal,2023-06-16,21,5,3,photo
570,46,business,2023-03-27,38,3,2,photo
571,130,creator,2023-03-17,21,11,1,photo
572,35,business,2023-12-10,18,7,3,photo
573,81,creator,2023-10-21,36,13,4,photo
574,90,business,2023-02-28,19,10,2,carousel
575,8,personal,2023-05-18,35,5,4,photo
576,93,personal,2023-04-09,36,5,5,photo
577,154,personal,2023-07-11,27,7,5,photo
578,90,business,2023-08-31,37,4,2,photo
579,162,business,2023-11-15,30,2,2,video
580,115,personal,2023-02-18,23,2,2,photo
581,105,business,2023-02-01,49,5,3,video
582,135,business,2023-10-04,11,1,3,carousel
583,196,personal,2023-01-20,7,5,3,photo
584,58,personal,2023-06-03,26,5,5,photo
585,114,personal,2023-03-09,21,7,3,carousel
586,75,personal,2023-08-02,36,6,5,video
587,157,personal,2023-05-23,26,7,5,photo
588,120,personal,2023-08-20,28,8,3,carousel
589,164,personal,2023-08-01,2,5,1,photo
590,21,personal,2023-03-20,12,2,4,carousel
591,164,personal,2023-08-02,9,9,5,photo
592,138,personal,2023-04-26,35,2,5,photo
593,101,business,2023-04-02,18,10,0,video
594,152,personal,2023-09-27,26,0,2,photo
595,192,creator,2023-06-17,33,15,0,photo
596,177,creator,2023-02-27,0,9,0,photo
597,99,personal,2023-10-11,31,3,5,carousel
598,36,personal,2023-01-26,24,8,4,video
599,96,personal,2023-03-07,28,8,1,video
600,152,personal,2023-09-05,6,4,2,photo
601,151,personal,2023-09-11,2,9,3,video
602,190,personal,2023-02-13,19,3,1,photo
603,37,personal,2023-04-07,19,6,1,photo
604,12,personal,2023-02-11,29,5,2,video
605,113,personal,2023-08-15,34,3,4,photo
606,183,personal,2023-09-19,34,9,1,photo
607,13,personal,2023-06-16,38,1,1,photo
608,23,personal,2023-10-06,26,0,4,photo
609,99,personal,2023-03-30,25,3,2,video
610,105,creator,2023-06-27,13,8,0,photo
611,30,personal,2023-07-16,16,0,4,video
612,17,personal,2023-11-03,17,5,1,photo
613,113,personal,2023-09-24,28,3,3,photo
614,62,personal,2023-09-25,19,0,5,photo
615,84,creator,2023-03-15,26,5,2,video
616,112,business,2023-01-08,27,0,0,video
617,86,personal,2023-10-24,3,7,2,carousel
618,141,business,2023-06-13,10,9,4,video
619,187,creator,2023-03-26,0,12,2,photo
620,19,creator,2023-03-13,25,6,3,video
621,177,business,2023-02-24,29,10,1,carousel
622,100,business,2023-02-16,32,6,2,video
623,140,personal,2023-08-26,9,7,4,photo
624,189,personal,2023-04-14,10,7,1,photo
625,147,personal,2023-07-29,40,10,4,video
626,76,personal,2023-02-11,40,9,3,video
627,9,personal,2023-11-12,4,10,3,photo
628,199,personal,2023-09-25,0,6,1,video
629,28,personal,2023-09-20,16,4,4,carousel
630,128,business,2023-12-02,31,0,3,photo
631,52,creator,2023-12-31,33,13,0,video
632,83,personal,2023-09-16,40,6,4,photo
633,111,personal,2023-10-10,28,1,1,photo
634,144,business,2023-04-24,13,5,1,photo
635,117,personal,2023-12-29,4,1,3,photo
636,69,business,2023-02-09,20,0,1,video
637,99,personal,2023-08-08,20,6,5,photo
638,140,personal,2023-05-09,34,1,5,photo
639,25,creator,2023-01-08,11,6,4,photo
640,180,personal,2023-04-11,25,10,1,photo
641,123,personal,2023-06-25,18,4,4,photo
642,53,business,2023-04-17,16,4,1,video
643,151,personal,2023-04-11,6,6,2,photo
644,144,personal,2023-09-17,25,0,2,video
645,57,creator,2023-09-03,39,12,1,video
646,39,personal,2023-10-02,4,2,5,photo
647,109,business,2023-02-01,30,3,1,video
648,181,personal,2023-05-17,13,8,4,photo
649,42,personal,2023-01-12,3,3,5,photo
650,186,personal,2023-10-29,22,9,2,photo
651,167,personal,2023-01-16,19,4,1,photo
652,142,creator,2023-05-09,14,11,2,photo
653,122,creator,2023-03-04,28,8,2,video
654,133,personal,2023-04-19,7,0,3,photo
655,163,business,2023-01-21,50,8,4,video
656,75,personal,2023-06-07,18,3,2,photo
657,146,personal,2023-09-26,38,8,5,video
658,76,personal,2023-06-11,27,5,4,photo
659,9,personal,2023-09-17,26,0,1,photo
660,74,personal,2023-04-12,3,2,1,photo
661,186,business,2023-08-11,24,10,2,photo
662,145,personal,2023-02-28,34,1,3,photo
663,7,personal,2023-09-04,36,8,3,video
664,174,personal,2023-05-08,0,0,2,photo
665,141,personal,2023-10-10,2,8,4,video
666,168,business,2023-11-21,33,8,3,video
667,170,personal,2023-01-25,26,7,4,video
668,137,personal,2023-05-11,39,7,4,photo
669,178,personal,2023-12-19,35,10,3,photo
670,27,personal,2023-07-15,33,0,1,carousel
671,122,personal,2023-10-08,28,10,3,video
672,194,personal,2023-06-03,23,7,4,photo
673,5,business,2023-05-13,33,9,2,photo
674,29,business,2023-08-15,13,2,3,photo
675,165,personal,2023-07-08,2,10,5,photo
676,166,personal,2023-09-22,33,6,1,video
677,83,personal,2023-05-14,22,10,5,photo
678,136,personal,2023-07-30,22,0,2,photo
679,109,personal,2023-03-01,4,0,3,photo
680,65,personal,2023-12-30,30,9,2,photo
681,86,personal,2023-12-30,40,4,3,video
682,145,personal,2023-08-01,5,4,5,video
683,71,personal,2023-08-04,36,7,4,photo
684,45,personal,2023-08-14,9,6,4,video
685,132,personal,2023-05-11,39,7,3,photo
686,36,personal,2023-03-17,6,5,4,photo
687,70,personal,2023-10-13,38,5,5,photo
688,159,business,2023-10-04,47,1,3,photo
689,19,personal,2023-06-05,20,5,5,photo
690,189,creator,2023-09-05,19,9,1,photo
691,108,personal,2023-08-06,2,2,5,video
692,182,business,2023-07-09,31,5,0,photo
693,167,personal,2023-06-12,3,7,1,video
694,91,business,2023-06-29,37,8,0,photo
695,90,business,2023-02-03,21,0,2,carousel
696,19,personal,2023-02-10,37,2,3,video
697,39,personal,2023-11-03,35,2,3,photo
698,126,personal,2023-12-04,40,10,5,video
699,195,personal,2023-11-10,4,7,3,photo
700,173,personal,2023-03-16,12,0,2,video
701,141,personal,2023-10-06,22,4,1,photo
702,126,personal,2023-06-25,29,2,5,video
703,58,personal,2023-05-30,36,1,1,video
704,148,business,2023-09-30,34,7,2,photo
705,200,personal,2023-11-21,26,2,5,photo
706,61,creator,2023-04-18,13,11,3,video
707,127,personal,2023-05-19,35,10,2,photo
708,105,personal,2023-12-16,38,0,3,photo
709,167,personal,2023-09-28,15,5,3,photo
710,1,personal,2023-12-13,21,2,2,photo
711,131,business,2023-10-16,30,7,1,carousel
712,92,personal,2023-07-31,20,5,4,photo
713,190,business,2023-09-29,17,1,2,photo
714,191,personal,2023-03-07,15,5,3,video
715,113,personal,2023-09-05,30,6,1,video
716,153,personal,2023-06-05,9,4,5,photo
717,56,personal,2023-02-16,31,2,5,photo
718,161,personal,2023-07-20,33,3,1,carousel
719,166,personal,2023-05-28,8,3,5,video
720,117,personal,2023-05-04,16,5,2,photo
721,134,personal,2023-01-01,10,9,5,photo
722,58,personal,2023-09-04,31,0,5,photo
723,44,personal,2023-12-09,9,10,1,photo
724,173,personal,2023-05-08,21,3,4,photo
725,160,personal,2023-07-10,16,9,5,video
726,173,personal,2023-03-08,3,3,5,photo
727,61,personal,2023-01-04,24,9,4,video
728,47,personal,2023-10-30,20,0,1,photo
729,149,personal,2023-10-21,36,8,4,video
730,80,personal,2023-05-23,37,3,1,video
731,118,business,2023-07-10,10,6,1,photo
732,164,personal,2023-01-21,24,2,1,photo
733,147,personal,2023-08-15,35,9,2,photo
734,20,personal,2023-11-09,16,2,2,video
735,185,personal,2023-04-27,40,7,1,video
736,146,personal,2023-10-29,23,7,3,photo
737,47,personal,2023-05-22,1,10,1,photo
738,49,business,2023-02-08,49,0,4,photo
739,14,personal,2023-12-21,14,9,5,video
740,143,personal,2023-09-09,31,1,3,photo
741,159,personal,2023-11-29,38,7,2,photo
742,1,personal,2023-07-26,5,0,3,photo
743,117,personal,2023-07-29,0,7,5,photo
744,54,personal,2023-04-25,22,7,3,video
745,118,personal,2023-08-13,38,1,1,photo
746,3,creator,2023-05-14,16,8,2,video
747,144,personal,2023-09-08,33,5,2,photo
748,185,personal,2023-08-07,40,10,1,photo
749,12,personal,2023-04-01,28,8,4,video
750,74,personal,2023-12-20,8,7,5,carousel
751,16,personal,2023-02-15,12,7,5,video
752,200,personal,2023-02-07,5,6,3,photo
753,102,business,2023-05-22,15,8,0,photo
754,152,business,2023-04-10,29,1,3,video
755,156,personal,2023-11-24,2,2,1,photo
756,117,business,2023-07-09,26,9,4,photo
757,8,personal,2023-02-04,11,7,1,video
758,122,personal,2023-05-27,0,5,4,video
759,92,personal,2023-01-30,16,9,3,carousel
760,164,creator,2023-11-30,2,13,1,carousel
761,90,personal,2023-03-25,25,9,1,video
762,136,personal,2023-10-08,14,3,2,photo
763,186,personal,2023-12-10,35,7,5,photo
764,60,personal,2023-09-27,31,9,3,photo
765,178,personal,2023-06-03,31,2,3,photo
766,28,personal,2023-04-12,3,2,1,photo
767,101,personal,2023-08-03,17,7,3,photo
768,41,personal,2023-05-30,18,4,1,photo
769,192,personal,2023-03-24,34,2,1,photo
770,155,personal,2023-04-20,39,9,2,photo
771,191,personal,2023-10-02,13,10,3,photo
772,145,personal,2023-07-20,32,0,1,photo
773,161,personal,2023-10-11,13,2,2,video
774,157,personal,2023-06-22,33,8,4,photo
775,141,personal,2023-11-23,3,4,2,photo
776,46,creator,2023-07-25,23,14,1,video
777,35,personal,2023-03-04,28,1,1,photo
778,134,personal,2023-03-14,18,6,5,photo
779,82,personal,2023-09-08,5,1,5,photo
780,115,personal,2023-05-04,32,3,5,photo
781,197,personal,2023-05-01,39,6,2,carousel
782,47,personal,2023-10-02,18,3,1,photo
783,153,personal,2023-04-30,0,6,3,video
784,194,personal,2023-11-13,4,6,2,photo
785,10,creator,2023-06-13,26,5,1,photo
786,56,business,2023-10-13,25,5,0,photo
787,30,personal,2023-09-22,5,8,4,photo
788,109,personal,2023-11-16,39,1,2,photo
789,5,business,2023-06-10,22,2,3,photo
790,119,personal,2023-11-04,34,9,4,photo
791,33,personal,2023-03-30,18,4,5,video
792,118,creator,2023-05-22,11,13,0,photo
793,65,personal,2023-07-22,15,3,4,video
794,146,personal,2023-11-05,9,0,1,video
795,177,creator,2023-08-15,24,8,4,photo
796,11,personal,2023-11-30,19,5,1,photo
797,85,personal,2023-08-10,30,4,2,photo
798,26,personal,2023-02-10,3,0,4,video
799,63,business,2023-07-15,32,3,0,photo
800,86,business,2023-03-09,11,5,2,video
801,59,business,2023-09-21,31,9,0,photo
802,27,personal,2023-01-02,36,9,4,video
803,177,business,2023-12-27,17,3,4,photo
804,161,creator,2023-05-05,6,13,4,video
805,98,personal,2023-04-20,13,4,4,photo
806,105,creator,2023-03-27,2,12,1,photo
807,99,business,2023-04-30,25,8,1,photo
808,129,personal,2023-05-07,18,9,5,photo
809,149,personal,2023-09-12,17,4,5,carousel
810,55,personal,2023-07-02,15,5,4,photo
811,6,personal,2023-01-16,7,0,2,photo
812,197,personal,2023-03-03,32,10,5,photo
813,95,personal,2023-06-07,11,6,2,photo
814,133,business,2023-09-25,20,3,4,photo
815,102,creator,2023-02-04,4,15,0,video
816,3,business,2023-09-24,36,1,2,photo
817,181,personal,2023-03-05,11,4,1,carousel
818,23,personal,2023-02-19,16,2,5,photo
819,53,personal,2023-09-12,5,5,3,photo
820,165,personal,2023-05-29,32,7,3,video
821,83,business,2023-11-21,14,6,4,video
822,145,creator,2023-10-31,27,7,4,photo
823,85,personal,2023-10-03,13,7,2,video
824,78,creator,2023-12-23,4,6,4,photo
825,110,business,2023-06-21,42,9,3,photo
826,1,personal,2023-07-20,40,8,5,video
827,51,business,2023-11-20,28,3,3,photo
828,173,personal,2023-02-04,21,0,5,photo
829,4,personal,2023-08-04,4,7,2,video
830,190,personal,2023-03-06,1,6,4,carousel
831,193,personal,2023-01-08,29,10,1,photo
832,113,personal,2023-10-28,38,4,4,photo
833,32,personal,2023-12-09,3,9,2,photo
834,34,personal,2023-11-28,32,4,4,carousel
835,92,personal,2023-03-17,12,6,5,video
836,95,personal,2023-06-23,19,4,5,photo
837,72,personal,2023-02-16,6,7,2,photo
838,39,personal,2023-01-15,14,10,3,photo
839,154,personal,2023-12-27,22,5,5,video
840,162,personal,2023-05-27,13,4,1,video
841,182,personal,2023-01-26,22,8,2,video
842,118,personal,2023-11-04,18,10,4,carousel
843,3,personal,2023-04-03,28,1,4,photo
844,123,business,2023-08-20,29,0,0,photo
845,50,personal,2023-01-21,28,7,5,photo
846,12,personal,2023-11-03,23,2,2,photo
847,193,creator,2023-02-07,17,15,0,photo
848,54,business,2023-10-03,19,6,4,photo
849,133,creator,2023-06-06,40,14,1,video
850,57,business,2023-06-28,17,10,3,video
851,145,personal,2023-05-12,25,7,2,photo
852,112,personal,2023-11-07,28,5,3,photo
853,47,personal,2023-12-14,9,9,2,photo
854,151,personal,2023-01-28,16,8,3,video
855,85,personal,2023-09-17,1,6,2,video
856,142,personal,2023-03-17,5,9,3,photo
857,66,personal,2023-03-08,4,4,4,photo
858,75,business,2023-12-08,37,7,4,photo
859,179,business,2023-07-13,50,1,2,photo
860,103,personal,2023-06-11,4,6,3,photo
861,166,business,2023-12-13,27,3,3,video
862,192,personal,2023-12-27,25,8,3,video
863,38,business,2023-09-14,29,0,0,photo
864,50,personal,2023-03-13,40,6,4,video
865,98,creator,2023-03-28,26,10,0,carousel
866,82,personal,2023-09-19,11,7,4,photo
867,30,personal,2023-08-02,6,4,3,photo
868,79,personal,2023-06-02,2,0,1,carousel
869,91,personal,2023-07-29,9,0,3,photo
870,179,personal,2023-03-02,33,8,4,carousel
871,191,personal,2023-09-25,24,9,3,carousel
872,52,personal,2023-09-19,34,5,1,video
873,166,personal,2023-08-06,15,9,1,video
874,79,personal,2023-10-10,1,4,3,video
875,30,creator,2023-05-16,23,5,1,video
876,106,personal,2023-12-28,9,5,4,photo
877,51,personal,2023-04-03,37,5,4,photo
878,81,personal,2023-04-19,21,2,3,photo
879,133,business,2023-08-29,35,7,1,video
880,29,personal,2023-12-21,38,0,1,photo
881,132,creator,2023-05-22,26,5,4,photo
882,138,business,2023-10-18,38,5,4,photo
883,184,personal,2023-08-25,37,9,3,video
884,145,personal,2023-12-06,19,0,2,carousel
885,74,business,2023-11-08,36,5,1,carousel
886,17,business,2023-06-26,50,0,3,photo
887,84,personal,2023-05-21,19,5,1,video
888,69,personal,2023-07-08,18,2,2,video
889,34,business,2023-02-18,29,7,4,photo
890,6,personal,2023-10-29,34,5,1,photo
891,53,creator,2023-07-09,1,15,0,photo
892,194,personal,2023-05-16,29,0,3,carousel
893,126,personal,2023-02-12,33,4,2,photo
894,43,business,2023-12-19,31,7,2,photo
895,115,personal,2023-03-31,2,2,2,video
896,111,personal,2023-10-22,5,5,4,photo
897,151,personal,2023-12-07,14,4,3,photo
898,183,personal,2023-09-02,26,5,3,video
899,80,personal,2023-07-11,9,9,5,photo
900,95,personal,2023-11-14,8,0,3,video
901,118,personal,2023-04-16,32,6,2,photo
902,144,business,2023-12-29,41,8,4,video
903,8,personal,2023-11-06,5,1,3,video
904,132,personal,2023-08-21,40,9,3,photo
905,104,personal,2023-09-22,35,4,4,photo
906,132,creator,2023-12-10,1,14,2,video
907,184,business,2023-02-06,38,3,0,video
908,25,personal,2023-11-01,3,5,5,video
909,195,personal,2023-02-10,0,5,1,video
910,96,personal,2023-01-17,18,10,5,photo
911,195,business,2023-12-10,35,1,3,photo
912,155,business,2023-10-04,34,1,2,carousel
913,93,personal,2023-11-03,9,3,3,photo
914,160,business,2023-02-28,24,0,2,photo
915,178,business,2023-07-02,31,8,4,photo
916,61,personal,2023-02-10,20,6,3,photo
917,122,personal,2023-02-08,21,6,1,photo
918,51,personal,2023-07-11,35,2,3,carousel
919,147,personal,2023-09-24,33,10,4,photo
920,21,business,2023-05-27,39,2,0,photo
921,5,personal,2023-11-29,24,0,3,carousel
922,92,personal,2023-05-07,27,2,3,carousel
923,170,personal,2023-02-15,0,2,2,photo
924,61,personal,2023-02-14,3,3,5,photo
925,22,personal,2023-01-01,6,3,1,video
926,149,personal,2023-06-17,8,2,2,video
927,70,personal,2023-04-18,35,9,4,video
928,1,personal,2023-01-19,18,7,5,video
929,133,personal,2023-11-28,0,7,1,video
930,12,personal,2023-03-13,9,0,3,photo
931,90,personal,2023-04-19,35,6,1,video
932,46,personal,2023-09-25,8,10,3,photo
933,34,personal,2023-08-28,31,1,5,video
934,177,personal,2023-10-28,31,0,3,video
935,78,personal,2023-03-31,5,2,4,photo
936,45,personal,2023-04-13,37,3,3,photo
937,155,business,2023-09-07,26,5,3,photo
938,73,personal,2023-01-08,9,9,5,photo
939,26,personal,2023-06-02,26,4,5,video
940,47,business,2023-12-13,44,3,0,photo
941,121,personal,2023-06-23,20,7,4,video
942,56,personal,2023-12-09,24,10,4,photo
943,94,creator,2023-06-07,27,8,1,video
944,107,business,2023-08-03,24,9,1,video
945,63,personal,2023-06-26,3,1,2,video
946,48,personal,2023-06-24,28,2,3,photo
947,61,personal,2023-12-06,8,5,2,carousel
948,81,personal,2023-12-04,26,7,4,photo
949,26,personal,2023-05-26,25,7,3,photo
950,36,personal,2023-11-20,18,10,5,photo
951,1,personal,2023-06-10,27,8,1,photo
952,8,personal,2023-05-07,16,6,2,carousel
953,113,business,2023-03-23,50,1,4,photo
954,99,personal,2023-05-27,19,7,4,video
955,180,personal,2023-08-27,39,6,1,video
956,47,personal,2023-03-25,38,7,5,photo
957,127,personal,2023-04-23,22,2,1,video
958,56,personal,2023-08-13,31,6,2,photo
959,14,personal,2023-11-28,32,9,4,photo
960,28,personal,2023-08-31,4,8,1,photo
961,78,personal,2023-05-23,33,2,5,carousel
962,130,personal,2023-02-10,39,9,2,carousel
963,109,personal,2023-09-15,10,5,2,photo
964,154,personal,2023-10-12,2,1,5,photo
965,14,personal,2023-04-15,32,1,5,video
966,187,creator,2023-07-21,10,9,0,photo
967,56,personal,2023-11-03,15,4,3,video
968,115,personal,2023-11-27,17,6,2,photo
969,7,personal,2023-09-23,29,1,1,photo
970,3,personal,2023-07-29,9,10,5,video
971,111,creator,2023-02-20,17,11,0,photo
972,151,personal,2023-04-28,37,4,5,carousel
973,107,business,2023-07-20,28,5,3,carousel
974,18,personal,2023-02-08,35,7,5,photo
975,38,personal,2023-01-28,12,9,5,photo
976,115,personal,2023-09-16,2,3,5,carousel
977,15,business,2023-03-25,19,6,2,carousel
978,192,personal,2023-06-04,37,5,5,photo
979,119,personal,2023-04-27,0,9,2,video
980,28,creator,2023-01-02,26,6,1,photo
981,39,personal,2023-04-03,7,7,1,photo
982,185,personal,2023-06-15,16,9,3,video
983,17,personal,2023-12-16,8,8,1,photo
984,86,creator,2023-10-23,5,9,1,carousel
985,126,personal,2023-09-15,24,9,2,photo
986,44,business,2023-03-22,48,3,3,video
987,25,business,2023-09-25,37,5,4,photo
988,145,personal,2023-08-23,32,7,2,photo
989,13,personal,2023-11-17,36,10,1,video
990,25,personal,2023-11-07,8,2,1,photo
991,68,personal,2023-10-28,17,9,5,photo
992,138,business,2023-12-23,30,10,4,photo
993,67,business,2023-08-01,11,10,3,photo
994,109,personal,2023-03-03,37,0,3,video
995,146,personal,2023-02-18,39,3,1,photo
996,111,personal,2023-05-07,35,3,5,photo
997,111,personal,2023-08-11,36,0,1,photo
998,34,personal,2023-10-06,14,8,5,photo
999,111,personal,2023-10-21,27,2,2,photo
1000,8,personal,2023-10-11,17,4,1,photo
