employee_id,team,seniority_level,base_salary,bonus
a378e53c556ec32e20a971c6df5d92de1cdfe02b60604a20170aa898d29b4869,Finance,junior,35409.00,2518.00
9e41476a2cc07d08df946afd48a519f4dd48a7ecb8f3de76a2372e33ed906e64,Finance,junior,43935.00,1178.00
5c8acb380cd70d37f63c86634bc7bc20866fa477ad8207cc985a5e28aba0f026,Data & Analytics,mid,53811.00,4569.00
a3c2228028e7755f22b5c7e8577e51fd0d009f68a4f0f2dc2d074e352c7b0eb6,Finance,lead,97223.00,11679.00
7a4315a9474f72d706d8e3fe694a57baf6103e955b24dcfd1274c6b45910ec56,Data & Analytics,mid,61438.00,4231.00
6284f3640e9796babc24c340ec8130895d865bfc6d0b8958a6adcd9ed2887a78,Sales,junior,36519.00,1778.00
abfb69d8dec22b7290018bca7c4ef03c1b419167fd78cb5eba85b618561a54a1,People Operations,senior,69423.00,7988.00
1f7e2f2feffec8808c723a2b1a608ccca2fb82853a1b93fb32565b882f0e4133,Marketing,junior,44044.00,1600.00
71d013bb6a3fbea0c7e175e1facdd6e5226cc49ecd5e71d3ac2f1ef8d6825309,Sales,mid,61543.00,2784.00
dd3500d3365ce2ecb80d12471bc389a03dfcb3ff55ce96f8b6a6c8bc139b1735,Sales,junior,38814.00,2774.00
f5cd1407b756d3b84f6fcae44d4494fd9cd8fd2da0564e9b848310c9cfe8ef57,Finance,senior,73329.00,6516.00
1e4808a9c0c70f59d868cea1518bc32016c742a082b1d658224c94576063d80d,Finance,junior,44980.00,2300.00
4c4e33e3eaf474281295a68b777020975b94ec353112e249e3283b13613a14bf,People Operations,mid,61216.00,3828.00
b046c6e61ce2797f4e0254f4de5e035c9c5b16690d3f6d4da26ac58f1cc35e27,Engineering,junior,40168.00,1821.00
c21929f887d1698390a81945012802b5dce0cbeb5a7aae7d5f2f29b88082b5e1,Finance,lead,94681.00,10169.00
871ad2925a124c7d2b6ac00690b2e3066125083b7c4eb57954e319d0331d82e4,People Operations,senior,82038.00,8677.00
5db155321a91d4ef040c842d092aa2e58ac0e3553f1bac1f0b1bb05a4df1d43e,Engineering,lead,109543.00,8520.00
2b27211818578f7a74ba693d355fd7ff5f827a0eeaf952d6096ebce82bf3b0d9,Marketing,senior,68376.00,7786.00
1b6b92ad363bdce8e42867468565a46625ef099db06078d2c8f5474a0b871ecf,People Operations,senior,79146.00,5456.00
a801cd446602bd959bc49fd24ee966cc10bdd2301ba0f9c04412959b6d0056dd,Finance,senior,84635.00,7494.00
51842fc8b768f6aea17eb31ad821bc76c394738984672f3134c8b4fec498d5f3,Engineering,junior,44813.00,1663.00
aeac17b5e10bf00e23fca4e878d15473c1a8c86e07f000ff24fcf13ed192af92,Sales,senior,75846.00,5237.00
576450525524a0c5eb15859cab55fde3fb5846d692ac13fd7db3ef1d7188d5da,Data & Analytics,junior,42962.00,2671.00
6938784a6079f6272bde8ee4a801f9ba30a5d468abd6229886bf235a9261269c,People Operations,lead,96940.00,12417.00
c5a0485bb65ffe381ee6b4594b427c370aff0abb7cf8b7a21ba7be9343e6114f,Finance,senior,81074.00,7751.00
83d0b8bb912cc8808a9e05e4c7741d001552360d0998714b7e7793593acdd589,People Operations,lead,93965.00,10030.00
15799482744cc2a3915a57e474dbcdfab03cd6f942a6c3cab6cd07b79d7e92f6,People Operations,mid,59641.00,3402.00
0a1efd838c60de6f7778fa958d11c5e85f285e2b4cb5f3aadc5eadcf192125e3,Engineering,senior,83906.00,5877.00
b7973619381445e19aa428e7be54b6a177d7bd79cbfe48ab342d39ca1e99cb30,People Operations,lead,97962.00,11874.00
434a03814e564aa39d02d11eafd8dcad1af9956410a1876c36a1c208038904e8,Data & Analytics,junior,35993.00,1824.00
cbe45a29e96c0148744b81b924b7d3018134ea0d3660b8728d040719b3af2f55,Data & Analytics,mid,53139.00,3279.00
9b28ff7ac37cc8ba739a35db6fb9236759b965db3db96ff67a796be571b76456,Data & Analytics,mid,52724.00,4164.00
80775cec3bf3655667bf2d4d1130ba82ae1f2ab1b6bdef15953f853dcdbead87,Marketing,junior,37697.00,1776.00
d5ca5ecb20479773de30571fcaf171178707e8a06ea0a35605c10badcab00613,People Operations,junior,40138.00,1117.00
4501587f916b1227d3f9d5c8562951e70940ed53faf224eb4ed8d2317efa956a,People Operations,mid,50931.00,4580.00
2b2e7f6af2abcf072c81c0ab0d7527bc0fb1df1e31ff8df97390b71d39c18f8b,Engineering,junior,36343.00,1858.00
e1de8f3b59b24955c3d17761a29446c1d194a4ff819d55d8bb96571836674fd8,Sales,senior,74693.00,7743.00
