id,Country,Department,Age,YearsExperience,EducationLevel,Salary,Promoted,useless_col,almost_empty
0,Germany,Marketing,,15,Bachelor,70000,No,useless,
1,Italy,Sales,25.0,1,Bachelor,32000,No,useless,40.0
2,UK,Sales,42.0,18,Master,77500,No,useless,
3,Spain,Finance,44.0,26,Master,95000,Yes,useless,20.0
4,France,Marketing,44.0,16,Master,80000,No,useless,
5,France,Engineering,,13,Bachelor,74000,No,useless,
6,France,HR,46.0,27,PhD,107000,Yes,useless,
7,UK,Finance,43.0,22,Master,98500,No,useless,
8,Spain,HR,,1,Master,28500,Yes,useless,
9,UK,Marketing,22.0,1,Master,42000,No,useless,
10,France,Marketing,42.0,22,PhD,100000,Yes,useless,
11,Italy,Sales,40.0,20,Master,78500,Yes,useless,
12,UK,HR,41.0,21,Bachelor,74500,Yes,useless,
13,France,Finance,25.0,3,Master,46000,No,useless,
14,France,Engineering,27.0,4,Master,57000,Yes,useless,
15,France,Engineering,49.0,27,Master,104000,Yes,useless,
16,Germany,Sales,38.0,15,Master,60500,Yes,useless,
17,Spain,Finance,45.0,26,Bachelor,77500,No,useless,
18,Germany,HR,38.0,18,Bachelor,69500,Yes,useless,
19,Germany,Engineering,38.0,7,PhD,77500,Yes,useless,
20,Spain,Marketing,47.0,27,Master,81000,Yes,useless,
21,France,Sales,33.0,12,Master,64000,No,useless,
22,Germany,HR,39.0,17,Bachelor,67500,No,useless,
23,Germany,Finance,33.0,10,Bachelor,68500,No,useless,
24,Germany,Finance,34.0,15,PhD,87500,Yes,useless,
25,UK,Sales,35.0,16,Master,82000,No,useless,
26,France,Sales,40.0,16,Master,77000,No,useless,
27,Spain,Engineering,33.0,12,Bachelor,48500,Yes,useless,
28,Spain,Engineering,51.0,26,Master,108500,Yes,useless,
29,France,Finance,29.0,3,Bachelor,43000,No,useless,
30,Spain,Finance,36.0,12,Master,74000,Yes,useless,
31,France,HR,34.0,15,Bachelor,92500,Yes,useless,
32,France,HR,52.0,33,Bachelor,90000,Yes,useless,
33,Italy,Marketing,40.0,20,Master,97000,Yes,useless,
34,Italy,Finance,,8,PhD,70500,Yes,useless,
35,UK,HR,23.0,3,Bachelor,43500,No,useless,
36,Germany,Finance,41.0,17,Master,83000,Yes,useless,
37,France,Engineering,47.0,26,Bachelor,91000,No,useless,
38,Spain,Sales,39.0,19,Bachelor,70000,No,useless,
39,Germany,Engineering,49.0,29,Bachelor,105000,Yes,useless,
40,France,HR,,4,Bachelor,30000,No,useless,
41,Germany,Marketing,52.0,32,Master,118500,Yes,useless,
42,France,Engineering,61.0,35,Bachelor,111000,Yes,useless,
43,Italy,Marketing,34.0,15,Bachelor,57000,No,useless,
44,France,Marketing,34.0,12,PhD,75000,No,useless,
45,Spain,Sales,53.0,28,Bachelor,102500,No,useless,
46,Germany,Engineering,54.0,32,Master,114500,Yes,useless,
47,Spain,Marketing,33.0,9,Bachelor,54500,No,useless,
48,Spain,Sales,34.0,10,Master,58000,Yes,useless,
49,France,Finance,35.0,13,Bachelor,69000,No,useless,
50,Italy,Sales,25.0,1,Bachelor,39000,No,useless,
51,UK,Finance,29.0,6,Bachelor,64000,Yes,useless,
52,Italy,Marketing,28.0,0,Bachelor,31000,No,useless,
53,Italy,Marketing,30.0,9,Bachelor,56500,Yes,useless,
54,Spain,Finance,38.0,16,Master,80000,Yes,useless,
55,Italy,Sales,40.0,16,PhD,96500,Yes,useless,
56,France,Engineering,54.0,34,Master,116000,Yes,useless,
57,France,Engineering,28.0,9,Master,71000,No,useless,
58,France,Finance,48.0,21,Bachelor,80000,No,useless,
59,Germany,Marketing,36.0,12,Bachelor,60000,No,useless,
60,Germany,Marketing,38.0,14,Bachelor,65500,No,useless,
61,France,Engineering,45.0,20,Bachelor,83000,No,useless,
62,UK,Engineering,27.0,7,Master,63500,Yes,useless,
63,Germany,Engineering,42.0,19,Master,91500,No,useless,
64,Germany,Sales,40.0,17,Bachelor,82500,Yes,useless,
65,Spain,Marketing,43.0,15,Bachelor,72000,No,useless,
66,France,Sales,41.0,21,Master,93500,Yes,useless,
67,UK,Sales,63.0,35,Master,118000,Yes,useless,
68,France,HR,32.0,10,Bachelor,48000,No,useless,
69,Italy,Sales,33.0,12,PhD,85000,No,useless,
70,UK,Sales,32.0,14,PhD,92000,Yes,useless,
71,France,Finance,32.0,6,Bachelor,58500,Yes,useless,
72,France,Sales,32.0,1,Bachelor,30000,No,useless,
73,UK,Marketing,50.0,29,Master,106000,No,useless,
74,UK,Finance,52.0,35,PhD,123500,Yes,useless,
75,UK,HR,32.0,14,PhD,83000,Yes,useless,
76,UK,Engineering,,4,Bachelor,56000,No,useless,
77,France,HR,43.0,20,Bachelor,72500,Yes,useless,
78,Germany,Sales,32.0,12,Master,74000,No,useless,
79,France,Engineering,44.0,19,Master,86500,No,useless,
80,UK,Sales,40.0,19,Bachelor,79000,No,useless,
81,Spain,HR,23.0,3,PhD,50500,Yes,useless,
82,Germany,Sales,53.0,34,Master,118500,Yes,useless,
83,France,Sales,,18,Master,59500,Yes,useless,
84,Germany,Marketing,32.0,11,PhD,77000,No,useless,
85,Germany,Engineering,34.0,10,Master,58500,No,useless,
86,UK,Engineering,41.0,19,Bachelor,90000,No,useless,
87,Spain,Engineering,41.0,14,Master,82000,No,useless,
88,Italy,Engineering,45.0,21,Bachelor,86500,Yes,useless,
89,Germany,Engineering,58.0,35,Master,135500,No,useless,
90,France,Engineering,36.0,12,Bachelor,57000,No,useless,
91,UK,Marketing,30.0,8,Master,74000,No,useless,
92,UK,Engineering,,9,Bachelor,66500,Yes,useless,
93,Spain,Sales,31.0,12,Bachelor,56500,No,useless,
94,UK,Finance,38.0,16,Bachelor,81000,No,useless,
95,Germany,Sales,56.0,34,Bachelor,101000,Yes,useless,
96,Spain,Marketing,33.0,10,Master,57000,Yes,useless,
97,Germany,Engineering,40.0,18,Master,83500,No,useless,
98,France,Engineering,38.0,18,Master,82000,No,useless,
99,France,Engineering,,8,Bachelor,47000,No,useless,
100,France,Engineering,63.0,35,Bachelor,122500,Yes,useless,
101,Spain,Engineering,33.0,10,Bachelor,57000,No,useless,
102,Germany,Engineering,33.0,7,Bachelor,57000,Yes,useless,
103,Spain,Engineering,48.0,24,PhD,106000,Yes,useless,
104,Italy,Engineering,45.0,22,Bachelor,72500,Yes,useless,
105,France,Sales,56.0,35,Bachelor,111000,Yes,useless,
106,Germany,Engineering,,12,Bachelor,52000,Yes,useless,
107,UK,Sales,34.0,13,Bachelor,63000,No,useless,
108,France,Sales,44.0,25,Master,86500,Yes,useless,
109,France,Marketing,49.0,27,Master,114500,Yes,useless,
110,Germany,Engineering,46.0,25,Bachelor,100500,Yes,useless,
111,France,Finance,43.0,21,Bachelor,82000,No,useless,
112,Italy,Marketing,49.0,28,Bachelor,102500,Yes,useless,
113,UK,Engineering,50.0,26,Bachelor,91500,No,useless,
114,Spain,Finance,52.0,23,Bachelor,89500,Yes,useless,
115,UK,HR,44.0,22,PhD,105000,Yes,useless,
116,UK,Engineering,36.0,18,Master,90500,Yes,useless,
117,France,Engineering,39.0,20,Master,99000,Yes,useless,
118,Italy,Finance,50.0,31,Bachelor,108500,Yes,useless,
119,Spain,Marketing,30.0,12,Bachelor,60500,No,useless,
120,UK,Engineering,42.0,20,Master,81500,No,useless,
121,Italy,Engineering,34.0,13,Master,68000,No,useless,
122,Germany,Sales,38.0,14,Master,73000,No,useless,
123,France,Sales,51.0,28,Bachelor,94500,Yes,useless,
124,France,Marketing,,13,Master,61500,Yes,useless,
125,Germany,Sales,38.0,20,Bachelor,95000,Yes,useless,
126,UK,Sales,24.0,2,PhD,70000,Yes,useless,
127,UK,Marketing,45.0,22,Master,96500,Yes,useless,
128,France,Engineering,44.0,22,Master,95000,No,useless,
129,Spain,Engineering,60.0,35,Bachelor,112500,Yes,useless,
130,Germany,Marketing,35.0,9,Master,56000,No,useless,
131,France,Finance,40.0,11,Bachelor,59500,No,useless,
132,France,Sales,40.0,16,Bachelor,69000,Yes,useless,
133,Germany,Sales,54.0,28,Bachelor,87000,Yes,useless,
134,Italy,Engineering,37.0,13,Master,77000,Yes,useless,
135,Germany,Sales,41.0,19,Bachelor,74500,Yes,useless,
136,Spain,Sales,,13,Bachelor,47000,Yes,useless,
137,UK,Engineering,40.0,22,PhD,102500,Yes,useless,
138,Germany,Engineering,34.0,13,Bachelor,64500,Yes,useless,
139,Italy,Sales,40.0,19,Master,96000,Yes,useless,
140,Italy,Engineering,49.0,29,Bachelor,104500,No,useless,
141,France,Sales,28.0,3,Bachelor,29500,No,useless,
142,Germany,Engineering,39.0,20,Master,95500,No,useless,
143,Germany,Sales,31.0,9,Bachelor,43000,Yes,useless,
144,Germany,Engineering,50.0,30,Bachelor,112500,Yes,useless,
145,France,Finance,23.0,0,Master,40500,No,useless,
146,Spain,Marketing,,2,Master,44500,Yes,useless,
147,Spain,Marketing,42.0,22,Master,98500,Yes,useless,
148,France,Finance,54.0,33,Bachelor,98500,Yes,useless,
149,France,Sales,37.0,12,Bachelor,48500,No,useless,
150,Italy,Engineering,32.0,7,Master,57500,No,useless,
151,France,Sales,57.0,35,Master,125500,Yes,useless,
152,France,Marketing,24.0,0,Master,30500,No,useless,
153,Germany,Marketing,22.0,5,Master,34000,Yes,useless,
154,Italy,Sales,42.0,17,Master,75000,Yes,useless,
155,France,Engineering,33.0,13,Bachelor,69500,Yes,useless,
156,Spain,Engineering,28.0,5,Bachelor,56500,Yes,useless,
157,UK,Sales,45.0,25,Master,96000,No,useless,
158,France,Marketing,,10,Bachelor,51000,No,useless,
159,UK,Marketing,32.0,10,Bachelor,65000,No,useless,
160,Germany,Sales,25.0,3,PhD,47500,Yes,useless,
161,Spain,HR,,3,PhD,56000,Yes,useless,
162,Spain,Marketing,45.0,25,Bachelor,88500,Yes,useless,
163,Spain,Engineering,37.0,13,Bachelor,68500,Yes,useless,
164,France,Engineering,56.0,33,Bachelor,106000,Yes,useless,
165,UK,Engineering,27.0,2,Master,53500,No,useless,
166,Germany,Engineering,23.0,0,PhD,41500,No,useless,
167,France,Engineering,31.0,8,Bachelor,50000,No,useless,
168,France,Engineering,38.0,23,Bachelor,91000,Yes,useless,
169,Spain,Engineering,,15,PhD,83000,No,useless,
170,Spain,Engineering,,13,Bachelor,66000,Yes,useless,
171,France,Finance,42.0,19,Master,89000,Yes,useless,
172,Spain,Engineering,25.0,3,PhD,61000,Yes,useless,
173,France,Sales,52.0,32,Bachelor,103500,No,useless,
174,Spain,Sales,37.0,11,Master,58500,No,useless,
175,France,HR,,20,Bachelor,74500,Yes,useless,
176,Spain,Engineering,41.0,21,Bachelor,87500,No,useless,
177,Germany,Sales,43.0,23,Master,94500,No,useless,
178,Italy,HR,44.0,23,Bachelor,78500,Yes,useless,
179,France,Finance,42.0,20,PhD,100500,Yes,useless,
180,Germany,Finance,44.0,24,Master,104000,Yes,useless,
181,France,Engineering,,1,Bachelor,25000,No,useless,
182,Italy,Engineering,40.0,17,Bachelor,82500,Yes,useless,
183,UK,Marketing,45.0,21,Bachelor,79000,No,useless,
184,France,HR,,5,Bachelor,46000,No,useless,
185,Spain,Marketing,52.0,35,Bachelor,117500,Yes,useless,
186,UK,Marketing,31.0,5,Bachelor,36500,No,useless,
187,Spain,Engineering,56.0,30,Bachelor,98000,Yes,useless,
188,Spain,Finance,,14,Master,73000,No,useless,
189,France,Engineering,24.0,2,Master,45000,No,useless,
190,France,Sales,39.0,18,Master,92500,No,useless,
191,Italy,Sales,31.0,10,Bachelor,48000,Yes,useless,
192,Italy,Sales,46.0,23,Bachelor,78500,No,useless,
193,Spain,Engineering,31.0,13,Master,76000,Yes,useless,
194,Germany,Engineering,34.0,7,Bachelor,46000,No,useless,
195,Germany,Marketing,22.0,0,Bachelor,31000,No,useless,
196,UK,Engineering,33.0,11,Master,75500,Yes,useless,
197,Italy,Marketing,,15,Master,71500,No,useless,
198,Italy,Engineering,,16,Master,80500,No,useless,
199,UK,Sales,46.0,29,Bachelor,95000,Yes,useless,
200,Spain,Sales,46.0,24,Master,83000,No,useless,
201,France,Engineering,42.0,21,Master,94500,Yes,useless,
202,France,Sales,28.0,2,Master,57500,Yes,useless,
203,Italy,Engineering,,11,Master,70500,Yes,useless,
204,Spain,Engineering,38.0,15,Master,80500,No,useless,
205,France,HR,26.0,3,Master,52500,No,useless,
206,France,Sales,53.0,35,Bachelor,100000,No,useless,
207,Spain,Finance,47.0,27,Master,115500,No,useless,
208,France,Engineering,36.0,11,Master,71500,Yes,useless,
209,France,Marketing,38.0,17,Master,90000,Yes,useless,
210,Spain,Finance,40.0,19,Bachelor,71500,No,useless,
211,Spain,Marketing,22.0,3,Bachelor,51500,No,useless,
212,Spain,Sales,36.0,19,PhD,99000,Yes,useless,
213,France,Sales,31.0,6,Master,58000,No,useless,
214,UK,Sales,28.0,4,PhD,65500,No,useless,
215,France,HR,35.0,9,Master,59000,No,useless,
216,Germany,Finance,56.0,33,Master,127000,Yes,useless,
217,UK,HR,44.0,23,Master,95500,Yes,useless,
218,Spain,Engineering,32.0,13,PhD,72000,Yes,useless,
219,UK,Marketing,44.0,22,Master,84500,Yes,useless,
220,Spain,HR,52.0,29,Master,103500,Yes,useless,
221,Spain,Engineering,47.0,25,Bachelor,94000,No,useless,
222,France,Engineering,39.0,14,Bachelor,67500,Yes,useless,
223,Germany,Marketing,32.0,16,Master,86500,Yes,useless,
224,France,Marketing,45.0,18,Bachelor,58000,No,useless,
225,France,Finance,42.0,21,Bachelor,82000,No,useless,
226,Italy,Engineering,47.0,31,Bachelor,92500,Yes,useless,
227,Germany,Finance,44.0,22,Bachelor,90500,No,useless,
228,Italy,Engineering,48.0,25,Bachelor,91500,No,useless,
229,Spain,Engineering,33.0,10,Bachelor,62000,No,useless,
230,UK,Engineering,51.0,28,PhD,115500,Yes,useless,
231,Spain,Finance,40.0,22,Master,101500,Yes,useless,
232,Spain,Marketing,59.0,30,Bachelor,105500,Yes,useless,
233,Germany,Sales,,5,Bachelor,49000,Yes,useless,
234,France,Sales,55.0,29,Master,104000,Yes,useless,
235,UK,Finance,40.0,17,Bachelor,79500,No,useless,
236,Germany,Sales,31.0,8,Master,55500,No,useless,
237,France,Finance,33.0,13,Master,78500,No,useless,
238,Spain,Sales,35.0,8,Master,70000,Yes,useless,
239,France,Sales,42.0,21,Bachelor,85500,Yes,useless,
240,Italy,Sales,43.0,27,Master,95500,Yes,useless,
241,Italy,Sales,32.0,6,Bachelor,47500,No,useless,
242,Italy,Marketing,,18,PhD,82500,No,useless,
243,Germany,Sales,59.0,35,Master,124000,Yes,useless,
244,France,Engineering,,13,Bachelor,69000,No,useless,
245,Italy,Finance,42.0,20,Bachelor,66000,No,useless,
246,Germany,Sales,38.0,14,Bachelor,56500,Yes,useless,
247,Italy,Sales,39.0,18,Master,78500,Yes,useless,
248,Italy,HR,44.0,27,Bachelor,89500,Yes,useless,
249,UK,Marketing,28.0,5,Master,46500,No,useless,
250,Germany,Engineering,35.0,15,Bachelor,74500,No,useless,
251,Germany,HR,22.0,0,Master,45000,No,useless,
252,UK,Marketing,42.0,17,Master,80000,Yes,useless,
253,Germany,Sales,44.0,23,Master,88500,No,useless,
254,France,Engineering,33.0,15,Master,86500,Yes,useless,
255,Spain,Finance,54.0,33,Bachelor,119000,Yes,useless,
256,Italy,Marketing,26.0,3,Bachelor,35000,No,useless,
257,Spain,Sales,23.0,1,Master,39000,No,useless,
258,Spain,Finance,40.0,14,Bachelor,69000,No,useless,
259,France,Finance,48.0,28,Bachelor,94000,Yes,useless,
260,Spain,Engineering,55.0,35,Bachelor,113000,No,useless,
261,Italy,Sales,33.0,10,Bachelor,59000,No,useless,
262,France,Engineering,49.0,26,Bachelor,81000,No,useless,
263,Spain,Marketing,38.0,17,PhD,98500,No,useless,
264,UK,Engineering,36.0,13,Bachelor,69000,No,useless,
265,UK,Marketing,47.0,25,Master,96000,Yes,useless,
266,Spain,Finance,45.0,29,Bachelor,98000,Yes,useless,
267,UK,Finance,22.0,0,Master,46500,Yes,useless,
268,Germany,Sales,53.0,30,Bachelor,88000,Yes,useless,
269,Germany,Finance,52.0,28,PhD,129000,Yes,useless,
270,UK,Engineering,32.0,12,PhD,86500,Yes,useless,
271,UK,Finance,42.0,19,Bachelor,83000,No,useless,
272,UK,Engineering,43.0,19,PhD,108500,Yes,useless,
273,Italy,Sales,41.0,23,PhD,95500,Yes,useless,
274,Spain,Finance,32.0,14,Master,78000,Yes,useless,
275,Spain,Engineering,31.0,7,Master,59500,Yes,useless,
276,UK,Engineering,38.0,10,Bachelor,68000,Yes,useless,
277,Spain,Marketing,50.0,31,Master,94500,Yes,useless,
278,UK,Marketing,43.0,19,Bachelor,76000,Yes,useless,
279,UK,Marketing,34.0,14,Bachelor,61500,Yes,useless,
280,Italy,Marketing,46.0,18,PhD,94500,Yes,useless,
281,Germany,Sales,22.0,3,Bachelor,44000,No,useless,
282,Germany,Engineering,,10,Master,65000,Yes,useless,
283,France,Sales,22.0,2,Master,40500,No,useless,
284,Spain,Engineering,34.0,12,PhD,82500,No,useless,
285,France,HR,27.0,2,PhD,50000,No,useless,
286,Germany,Marketing,25.0,2,Bachelor,44500,No,useless,
287,Spain,Sales,50.0,30,Bachelor,95500,Yes,useless,
288,Germany,Sales,33.0,11,Bachelor,38000,Yes,useless,
289,Spain,HR,,1,Bachelor,31500,No,useless,
290,France,Engineering,38.0,22,Bachelor,78000,Yes,useless,
291,France,Marketing,43.0,16,Bachelor,56000,No,useless,
292,UK,Sales,39.0,22,Master,83500,No,useless,
293,Germany,Marketing,,1,Master,46000,No,useless,
294,France,Engineering,48.0,23,Bachelor,97000,No,useless,
295,Spain,Finance,33.0,7,Master,61500,No,useless,
296,UK,HR,22.0,0,Bachelor,31000,No,useless,
297,France,Marketing,34.0,15,Bachelor,68000,Yes,useless,
298,Spain,Marketing,53.0,31,Master,106000,No,useless,
299,France,HR,,4,Master,45000,Yes,useless,
300,France,Marketing,35.0,9,Master,52500,Yes,useless,
301,Spain,Engineering,35.0,13,Bachelor,53500,No,useless,
302,Spain,Marketing,35.0,9,Master,58000,Yes,useless,
303,Spain,Marketing,59.0,35,Master,119000,Yes,useless,
304,UK,Sales,42.0,23,Master,94000,Yes,useless,
305,Italy,Marketing,42.0,19,Master,80000,No,useless,
306,Spain,HR,,4,PhD,54000,No,useless,
307,Germany,HR,40.0,19,Master,89000,No,useless,
308,UK,Sales,35.0,14,Master,65500,Yes,useless,
309,France,Engineering,36.0,15,PhD,95500,No,useless,
310,Germany,HR,37.0,19,Master,78000,No,useless,
311,France,Finance,38.0,13,Bachelor,58500,Yes,useless,
312,France,Engineering,45.0,25,Master,90500,Yes,useless,
313,Italy,HR,39.0,21,Bachelor,74500,Yes,useless,
314,UK,Finance,,19,Bachelor,86500,No,useless,
315,Spain,Sales,37.0,16,Master,80000,No,useless,
316,Germany,Marketing,39.0,15,PhD,94000,No,useless,
317,France,Sales,22.0,0,PhD,55500,Yes,useless,
318,France,Engineering,47.0,26,Bachelor,86500,No,useless,
319,France,Sales,41.0,18,Master,78500,No,useless,
320,Spain,Finance,48.0,24,Bachelor,82500,No,useless,
321,UK,Engineering,22.0,0,PhD,69500,No,useless,
322,Spain,Sales,59.0,34,PhD,118500,Yes,useless,
323,France,Sales,37.0,12,Master,73500,Yes,useless,
324,Italy,Sales,,20,Master,91500,No,useless,
325,UK,HR,28.0,3,Master,63500,No,useless,
326,Spain,Sales,44.0,24,Master,91000,Yes,useless,
327,Spain,Sales,27.0,6,Bachelor,50000,Yes,useless,
328,Germany,Marketing,32.0,5,Bachelor,61000,No,useless,
329,France,Sales,57.0,33,Master,109500,Yes,useless,
330,Germany,Engineering,36.0,18,Master,77000,Yes,useless,
331,UK,Sales,40.0,15,Bachelor,55000,No,useless,
332,France,Engineering,47.0,24,PhD,115000,Yes,useless,
333,France,Engineering,43.0,22,Bachelor,72000,Yes,useless,
334,France,Sales,40.0,20,Master,82500,Yes,useless,
335,France,Sales,42.0,19,Master,86000,Yes,useless,
336,UK,HR,62.0,35,Master,122500,Yes,useless,
337,UK,Sales,37.0,19,Master,89000,No,useless,
338,Germany,Marketing,40.0,23,Bachelor,86000,No,useless,
339,France,Marketing,49.0,30,Bachelor,107000,Yes,useless,
340,Germany,Engineering,49.0,27,Master,100500,No,useless,
341,Germany,Marketing,50.0,26,Master,95500,No,useless,
342,France,Engineering,44.0,20,Bachelor,75500,No,useless,
343,Germany,HR,27.0,7,Master,64000,Yes,useless,
344,Germany,Engineering,54.0,33,Bachelor,118000,No,useless,
345,Spain,Sales,27.0,9,Master,64000,Yes,useless,
346,Spain,Engineering,41.0,21,Master,100500,Yes,useless,
347,France,HR,30.0,3,Bachelor,30500,Yes,useless,
348,Germany,Sales,37.0,18,Bachelor,85500,No,useless,
349,Spain,Marketing,41.0,16,Master,87000,Yes,useless,
350,Spain,Engineering,,15,Master,84000,Yes,useless,
351,UK,Marketing,42.0,21,Master,102500,Yes,useless,
352,Spain,Engineering,54.0,35,Master,111500,Yes,useless,
353,France,Finance,43.0,30,Master,106500,No,useless,
354,France,Engineering,36.0,16,PhD,87000,Yes,useless,
355,Spain,Engineering,48.0,25,Master,106000,No,useless,
356,France,Engineering,50.0,30,Bachelor,95500,No,useless,
357,Spain,Sales,26.0,7,Bachelor,52500,No,useless,
358,Italy,Marketing,44.0,21,Bachelor,88000,Yes,useless,
359,Spain,Engineering,45.0,28,Master,112500,Yes,useless,
360,Germany,Finance,35.0,14,Bachelor,70000,No,useless,
361,Spain,Sales,52.0,31,PhD,113500,Yes,useless,
362,Germany,Sales,36.0,16,Master,72500,Yes,useless,
363,Spain,Sales,39.0,18,Master,89500,Yes,useless,
364,Italy,Sales,36.0,17,Bachelor,75000,No,useless,
365,Germany,Marketing,,2,Bachelor,38000,No,useless,
366,Italy,Engineering,27.0,3,Bachelor,40500,Yes,useless,
367,Italy,Engineering,24.0,0,Bachelor,25000,No,useless,
368,France,Finance,54.0,33,Bachelor,100000,No,useless,
369,France,HR,30.0,10,Master,76500,No,useless,
370,France,Sales,28.0,7,PhD,58500,Yes,useless,
371,France,Engineering,22.0,5,PhD,69500,No,useless,
372,France,Marketing,,6,Master,61500,No,useless,
373,Spain,Sales,25.0,5,Bachelor,34000,No,useless,
374,France,Engineering,54.0,29,PhD,122000,Yes,useless,
375,Germany,Engineering,,1,PhD,68000,No,useless,
376,UK,Marketing,31.0,11,Bachelor,59500,No,useless,
377,France,Marketing,61.0,35,Master,138000,Yes,useless,
378,UK,Engineering,48.0,25,Bachelor,83500,No,useless,
379,Germany,Engineering,35.0,13,Master,84000,Yes,useless,
380,France,Engineering,22.0,0,PhD,56000,No,useless,
381,Spain,Marketing,61.0,35,Bachelor,114500,No,useless,
382,Spain,Engineering,24.0,5,PhD,71000,No,useless,
383,UK,Engineering,22.0,2,Master,48500,Yes,useless,
384,UK,Finance,,13,PhD,88000,No,useless,
385,UK,Engineering,62.0,35,Bachelor,104000,Yes,useless,
386,Germany,Marketing,52.0,30,Master,113000,Yes,useless,
387,France,Engineering,,16,Bachelor,74500,No,useless,
388,UK,Engineering,44.0,24,Bachelor,97500,Yes,useless,
389,UK,Engineering,47.0,26,Bachelor,104500,No,useless,
390,Italy,Marketing,46.0,25,PhD,109500,Yes,useless,
391,Germany,Finance,41.0,17,Master,84500,Yes,useless,
392,Germany,Finance,39.0,11,PhD,75000,No,useless,
393,UK,Sales,37.0,18,PhD,89500,Yes,useless,
394,Germany,Marketing,30.0,7,Bachelor,57500,Yes,useless,
395,Italy,Engineering,35.0,10,Bachelor,69000,No,useless,
396,UK,Engineering,22.0,2,Bachelor,42500,No,useless,
397,Germany,Finance,,12,Bachelor,63500,No,useless,
398,UK,Engineering,28.0,9,Bachelor,53500,No,useless,
399,UK,Engineering,27.0,7,Bachelor,63500,No,useless,
400,France,Engineering,40.0,20,Bachelor,85500,No,useless,
401,Italy,Engineering,52.0,26,Bachelor,108000,No,useless,
402,Spain,Engineering,47.0,29,Bachelor,94500,Yes,useless,
403,UK,Marketing,22.0,1,Bachelor,34500,No,useless,
404,Germany,Sales,28.0,5,PhD,66500,No,useless,
405,Italy,Finance,47.0,25,Master,103500,No,useless,
406,Germany,Finance,28.0,1,PhD,57500,Yes,useless,
407,France,Sales,36.0,15,Bachelor,59000,No,useless,
408,Italy,Engineering,44.0,19,Bachelor,85000,No,useless,
409,France,Sales,28.0,2,Master,50500,Yes,useless,
410,Germany,Marketing,39.0,12,Bachelor,54000,No,useless,
411,Italy,Engineering,25.0,6,Bachelor,59500,No,useless,
412,Italy,Marketing,32.0,8,Bachelor,58000,Yes,useless,
413,Spain,Sales,41.0,24,Bachelor,85500,No,useless,
414,Spain,Marketing,22.0,0,Bachelor,32500,No,useless,
415,Germany,Sales,42.0,15,Bachelor,71000,No,useless,
416,Germany,Engineering,38.0,13,Master,70500,Yes,useless,
417,Germany,HR,44.0,26,Bachelor,91500,Yes,useless,
418,Spain,Finance,40.0,18,Bachelor,59500,No,useless,
419,UK,Engineering,52.0,28,Master,116500,Yes,useless,
420,UK,Finance,39.0,17,Bachelor,64500,No,useless,
421,UK,Sales,34.0,14,Bachelor,76500,No,useless,
422,France,Finance,39.0,20,PhD,96500,Yes,useless,
423,Germany,Finance,,1,Bachelor,37500,Yes,useless,
424,France,Sales,38.0,15,Bachelor,60500,No,useless,
425,Spain,Engineering,,19,Bachelor,77000,No,useless,
426,Germany,Engineering,31.0,8,Bachelor,66500,No,useless,
427,Italy,Sales,31.0,10,Master,45500,Yes,useless,
428,Germany,Marketing,24.0,0,Master,52000,No,useless,
429,France,Engineering,55.0,30,Bachelor,105500,Yes,useless,
430,France,Engineering,26.0,5,Master,48500,No,useless,
431,UK,Finance,31.0,9,Master,59500,No,useless,
432,Spain,HR,31.0,9,Bachelor,63500,No,useless,
433,France,Sales,47.0,23,Master,85000,Yes,useless,
434,France,Engineering,35.0,12,Bachelor,55500,Yes,useless,
435,UK,Engineering,50.0,25,Bachelor,103000,No,useless,
436,France,Engineering,,2,Bachelor,44000,No,useless,
437,UK,HR,41.0,22,Bachelor,77000,Yes,useless,
438,UK,Engineering,30.0,2,Bachelor,46000,No,useless,
439,France,Marketing,59.0,34,Master,108500,Yes,useless,
440,France,Engineering,26.0,0,Bachelor,44500,No,useless,
441,Italy,Marketing,41.0,17,Bachelor,77000,No,useless,
442,Germany,Marketing,44.0,22,Bachelor,86000,No,useless,
443,Germany,Finance,42.0,16,Master,83500,Yes,useless,
444,UK,Engineering,36.0,11,Master,85500,No,useless,
445,Italy,Engineering,37.0,12,Master,72500,No,useless,
446,Italy,Engineering,38.0,17,Master,75000,Yes,useless,
447,UK,HR,37.0,15,PhD,91000,Yes,useless,
448,Germany,Finance,48.0,24,Bachelor,104500,Yes,useless,
449,France,Marketing,60.0,35,Master,111000,Yes,useless,
450,UK,Marketing,,11,Master,65500,No,useless,
451,Spain,Marketing,24.0,1,PhD,57000,Yes,useless,
452,Germany,Engineering,37.0,20,PhD,102500,Yes,useless,
453,Italy,HR,64.0,35,Bachelor,102000,No,useless,
454,France,Sales,30.0,4,Bachelor,48500,No,useless,
455,Germany,Sales,,6,Bachelor,63500,No,useless,
456,France,Sales,55.0,35,Master,119500,Yes,useless,
457,Germany,Engineering,32.0,7,Bachelor,48000,Yes,useless,
458,France,Engineering,44.0,24,Bachelor,79000,Yes,useless,
459,France,Marketing,54.0,35,Master,120000,Yes,useless,
460,France,Engineering,34.0,9,Bachelor,64500,Yes,useless,
461,Spain,Marketing,36.0,11,PhD,79500,Yes,useless,
462,UK,Engineering,32.0,13,Bachelor,68500,No,useless,
463,Spain,Sales,28.0,7,Bachelor,43500,No,useless,
464,Italy,Engineering,32.0,12,Bachelor,56000,No,useless,
465,Germany,Sales,26.0,5,Master,60000,Yes,useless,
466,Germany,Marketing,,9,Bachelor,60000,Yes,useless,
467,UK,Engineering,30.0,4,Bachelor,38000,Yes,useless,
468,France,Marketing,,10,PhD,85000,No,useless,
469,Italy,Sales,22.0,4,Bachelor,45000,No,useless,
470,France,Marketing,41.0,18,Master,90500,Yes,useless,
471,Italy,HR,46.0,24,Master,84500,Yes,useless,
472,France,Marketing,22.0,0,Bachelor,25000,No,useless,
473,Italy,Engineering,42.0,22,Master,93500,Yes,useless,
474,Spain,Engineering,50.0,30,Bachelor,106500,Yes,useless,
475,Italy,Engineering,26.0,4,Master,67500,No,useless,
476,France,Marketing,55.0,35,Bachelor,114000,Yes,useless,
477,Spain,Engineering,42.0,19,Master,86000,Yes,useless,
478,Italy,Sales,31.0,11,Bachelor,49000,Yes,useless,
479,Spain,Marketing,37.0,12,Master,76000,No,useless,
480,Spain,Sales,44.0,22,Bachelor,73500,Yes,useless,
481,Spain,Finance,39.0,16,Bachelor,81500,Yes,useless,
482,Germany,Engineering,43.0,22,Bachelor,85500,Yes,useless,
483,Spain,Engineering,29.0,6,Bachelor,61500,Yes,useless,
484,Spain,Marketing,40.0,18,Master,85500,Yes,useless,
485,Italy,Sales,24.0,4,Bachelor,40000,No,useless,
486,France,Marketing,37.0,14,PhD,79000,Yes,useless,
487,Germany,Sales,29.0,2,PhD,56000,No,useless,
488,Italy,Engineering,31.0,14,Master,80000,No,useless,
489,Italy,Finance,50.0,32,Bachelor,106000,Yes,useless,
490,Germany,Finance,49.0,23,Bachelor,83500,No,useless,
491,Spain,Marketing,44.0,24,Master,92500,No,useless,
492,France,Engineering,27.0,3,Bachelor,44000,Yes,useless,
493,France,Marketing,,3,Bachelor,25000,No,useless,
494,Germany,Sales,,9,Master,66000,No,useless,
495,Germany,Engineering,39.0,16,Master,76500,No,useless,
496,Spain,HR,61.0,35,Master,110000,Yes,useless,
497,France,Engineering,42.0,18,Bachelor,65000,No,useless,
498,Italy,HR,40.0,15,Master,61500,No,useless,
499,Italy,Sales,35.0,11,Bachelor,46500,Yes,useless,
500,France,Engineering,-10.0,5,Bachelor,52000,No,useless,
501,Spain,Sales,45.0,12,Master,999999999,Yes,useless,
