,dateRep,day,month,year,cases,deaths,countriesAndTerritories,geoId,countryterritoryCode,popData2019,continentExp,Cumulative_number_for_14_days_of_COVID-19_cases_per_100000,cumulated-cases,newcases,growth-ratio
0,2020-12-14,14,12,2020,189723,1340,United_States_of_America,US,USA,329064917.0,America,873.21159186,16256754,189723.0,0.8782780984829898
1,2020-12-13,13,12,2020,216017,2315,United_States_of_America,US,USA,329064917.0,America,857.08924115,16067031,216017.0,0.9206590718270661
2,2020-12-12,12,12,2020,234633,3343,United_States_of_America,US,USA,329064917.0,America,838.5141829,15851014,234633.0,1.044298557949083
3,2020-12-11,11,12,2020,224680,2748,United_States_of_America,US,USA,329064917.0,America,830.39420456,15616381,224680.0,1.0211566867401431
4,2020-12-10,10,12,2020,220025,3124,United_States_of_America,US,USA,329064917.0,America,794.35602672,15391701,220025.0,1.0123352841578328
5,2020-12-09,9,12,2020,217344,2564,United_States_of_America,US,USA,329064917.0,America,784.1951137,15171676,217344.0,1.1014016844537688
6,2020-12-08,8,12,2020,197334,1433,United_States_of_America,US,USA,329064917.0,America,769.89671919,14954332,197334.0,1.1378177037686241
7,2020-12-07,7,12,2020,173432,1111,United_States_of_America,US,USA,329064917.0,America,762.79447316,14756998,173432.0,0.8183340961530295
8,2020-12-06,6,12,2020,211933,2203,United_States_of_America,US,USA,329064917.0,America,757.94406245,14583566,211933.0,0.9137800198335705
9,2020-12-05,5,12,2020,231930,2680,United_States_of_America,US,USA,329064917.0,America,746.87056354,14371633,231930.0,1.0800150875215953
10,2020-12-04,4,12,2020,214747,2481,United_States_of_America,US,USA,329064917.0,America,735.98730065,14139703,214747.0,1.0562488010978255
11,2020-12-03,3,12,2020,203311,3190,United_States_of_America,US,USA,329064917.0,America,727.86519506,13924956,203311.0,1.1268699319923956
12,2020-12-02,2,12,2020,180421,2600,United_States_of_America,US,USA,329064917.0,America,717.74378792,13721645,180421.0,1.1426065369245677
13,2020-12-01,1,12,2020,157903,1172,United_States_of_America,US,USA,329064917.0,America,709.81070279,13541224,157903.0,1.155359625374991
14,2020-11-30,30,11,2020,136670,810,United_States_of_America,US,USA,329064917.0,America,713.00824816,13383321,136670.0,0.8823510423324489
15,2020-11-29,29,11,2020,154893,1204,United_States_of_America,US,USA,329064917.0,America,711.64073683,13246651,154893.0,0.7449894907966312
16,2020-11-28,28,11,2020,207913,1404,United_States_of_America,US,USA,329064917.0,America,714.79634518,13091758,207913.0,1.9597609599306256
17,2020-11-27,27,11,2020,106091,1189,United_States_of_America,US,USA,329064917.0,America,707.77645373,12883845,106091.0,0.5685812132548007
18,2020-11-26,26,11,2020,186589,2341,United_States_of_America,US,USA,329064917.0,America,722.234999,12777754,186589.0,1.0956938922915211
19,2020-11-25,25,11,2020,170293,2224,United_States_of_America,US,USA,329064917.0,America,709.08166731,12591165,170293.0,0.9789035599524036
20,2020-11-24,24,11,2020,173963,919,United_States_of_America,US,USA,329064917.0,America,702.08639106,12420872,173963.0,1.1047303948028526
21,2020-11-23,23,11,2020,157471,883,United_States_of_America,US,USA,329064917.0,America,691.43135061,12246909,157471.0,0.8973013322392789
22,2020-11-22,22,11,2020,175494,1486,United_States_of_America,US,USA,329064917.0,America,677.21591846,12089438,175494.0,0.8948433843063069
23,2020-11-21,21,11,2020,196117,1858,United_States_of_America,US,USA,329064917.0,America,660.78116738,11913944,196117.0,1.0430645675991916
24,2020-11-20,20,11,2020,188020,2018,United_States_of_America,US,USA,329064917.0,America,640.8781037,11717827,188020.0,1.1059674715449546
25,2020-11-19,19,11,2020,170005,1850,United_States_of_America,US,USA,329064917.0,America,620.94768978,11529807,170005.0,1.101668005909951
26,2020-11-18,18,11,2020,154316,1467,United_States_of_America,US,USA,329064917.0,America,600.43562772,11359802,154316.0,0.9162297758646282
27,2020-11-17,17,11,2020,168425,1006,United_States_of_America,US,USA,329064917.0,America,581.72138721,11205486,168425.0,1.2743058182643565
28,2020-11-16,16,11,2020,132170,614,United_States_of_America,US,USA,329064917.0,America,556.02980004,11037061,132170.0,0.7996877968501365
29,2020-11-15,15,11,2020,165277,1255,United_States_of_America,US,USA,329064917.0,America,540.47998073,10904891,165277.0,0.8942931503736209
30,2020-11-14,14,11,2020,184813,1915,United_States_of_America,US,USA,329064917.0,America,514.24108514,10739614,184813.0,1.2026693737839123
31,2020-11-13,13,11,2020,153669,630,United_States_of_America,US,USA,329064917.0,America,488.85399716,10554801,153669.0,1.072313790071595
32,2020-11-12,12,11,2020,143306,2117,United_States_of_America,US,USA,329064917.0,America,468.93725836,10401132,143306.0,0.9730570229639991
33,2020-11-11,11,11,2020,147274,1432,United_States_of_America,US,USA,329064917.0,America,449.20406997,10257826,147274.0,1.060280343554042
34,2020-11-10,10,11,2020,138901,679,United_States_of_America,US,USA,329064917.0,America,427.27982455,10110552,138901.0,1.2548309287850181
35,2020-11-09,9,11,2020,110693,459,United_States_of_America,US,USA,329064917.0,America,405.84271705,9971651,110693.0,0.9117063246934018
36,2020-11-08,8,11,2020,121413,1014,United_States_of_America,US,USA,329064917.0,America,390.26737086,9860958,121413.0,0.9294917434142532
37,2020-11-07,7,11,2020,130623,1162,United_States_of_America,US,USA,329064917.0,America,378.61100823,9739545,130623.0,1.0668675879643241
38,2020-11-06,6,11,2020,122436,1208,United_States_of_America,US,USA,329064917.0,America,364.84655093,9608922,122436.0,1.1944159911030465
39,2020-11-05,5,11,2020,102507,1102,United_States_of_America,US,USA,329064917.0,America,349.53710972,9486486,102507.0,1.1053874522828735
40,2020-11-04,4,11,2020,92734,1076,United_States_of_America,US,USA,329064917.0,America,337.52458637,9383979,92734.0,1.105516016356115
41,2020-11-03,3,11,2020,83883,555,United_States_of_America,US,USA,329064917.0,America,327.13605869,9291245,83883.0,1.0355798076566956
42,2020-11-02,2,11,2020,81001,440,United_States_of_America,US,USA,329064917.0,America,319.92684288,9207362,81001.0,1.0261864342361973
43,2020-11-01,1,11,2020,78934,848,United_States_of_America,US,USA,329064917.0,America,309.85041167,9126361,78934.0,0.77941800874863
44,2020-10-31,31,10,2020,101273,1040,United_States_of_America,US,USA,329064917.0,America,303.06664384,9047427,101273.0,1.1491319641438784
45,2020-10-30,30,10,2020,88130,968,United_States_of_America,US,USA,329064917.0,America,293.64084413,8946154,88130.0,1.1245231016575008
46,2020-10-29,29,10,2020,78371,977,United_States_of_America,US,USA,329064917.0,America,286.24260787,8858024,78371.0,1.0431524444621918
47,2020-10-28,28,10,2020,75129,988,United_States_of_America,US,USA,329064917.0,America,280.47322954,8779653,75129.0,1.0990359718544742
48,2020-10-27,27,10,2020,68359,505,United_States_of_America,US,USA,329064917.0,America,273.60163709,8704524,68359.0,1.150050471063257
49,2020-10-26,26,10,2020,59440,331,United_States_of_America,US,USA,329064917.0,America,265.48591322,8636165,59440.0,0.7156617222115199
50,2020-10-25,25,10,2020,83056,904,United_States_of_America,US,USA,329064917.0,America,260.67136169,8576725,83056.0,0.9733619285354335
51,2020-10-24,24,10,2020,85329,953,United_States_of_America,US,USA,329064917.0,America,251.9238476,8493669,85329.0,1.18417108440423
52,2020-10-23,23,10,2020,72058,841,United_States_of_America,US,USA,329064917.0,America,243.64371848,8408340,72058.0,1.1441773317666486
53,2020-10-22,22,10,2020,62978,1135,United_States_of_America,US,USA,329064917.0,America,239.00694342,8336282,62978.0,1.075646040069002
54,2020-10-21,21,10,2020,58549,933,United_States_of_America,US,USA,329064917.0,America,234.51056619,8273304,58549.0,0.9732214095744681
55,2020-10-20,20,10,2020,60160,459,United_States_of_America,US,USA,329064917.0,America,229.8042,8214755,60160.0,1.2574462303785299
56,2020-10-19,19,10,2020,47843,385,United_States_of_America,US,USA,329064917.0,America,223.89199272,8154595,47843.0,0.8451184398791755
57,2020-10-18,18,10,2020,56611,690,United_States_of_America,US,USA,329064917.0,America,219.95903015,8106752,56611.0,0.8057817125939422
58,2020-10-17,17,10,2020,70256,899,United_States_of_America,US,USA,329064917.0,America,218.15026851,8050141,70256.0,1.1014501842125892
59,2020-10-16,16,10,2020,63785,828,United_States_of_America,US,USA,329064917.0,America,213.35334268,7979885,63785.0,1.074074697740208
60,2020-10-15,15,10,2020,59386,970,United_States_of_America,US,USA,329064917.0,America,207.5751515,7916100,59386.0,1.1307957423310546
61,2020-10-14,14,10,2020,52517,817,United_States_of_America,US,USA,329064917.0,America,202.28622549,7856714,52517.0,1.2608215494682256
62,2020-10-13,13,10,2020,41653,314,United_States_of_America,US,USA,329064917.0,America,199.39925714,7804197,41653.0,0.9554097759020116
63,2020-10-12,12,10,2020,43597,394,United_States_of_America,US,USA,329064917.0,America,196.76907703,7762544,43597.0,0.8033203736802343
64,2020-10-11,11,10,2020,54271,590,United_States_of_America,US,USA,329064917.0,America,194.53577909,7718947,54271.0,0.9343858682552254
65,2020-10-10,10,10,2020,58082,1014,United_States_of_America,US,USA,329064917.0,America,191.83023391,7664676,58082.0,1.0225704225352112
66,2020-10-09,9,10,2020,56800,972,United_States_of_America,US,USA,329064917.0,America,190.89759119,7606594,56800.0,1.178863475986883
67,2020-10-08,8,10,2020,48182,892,United_States_of_America,US,USA,329064917.0,America,187.07251007,7549794,48182.0,1.1188983326366635
68,2020-10-07,7,10,2020,43062,717,United_States_of_America,US,USA,329064917.0,America,183.95701539,7501612,43062.0,1.057904434344675
69,2020-10-06,6,10,2020,40705,398,United_States_of_America,US,USA,329064917.0,America,182.51201176,7458550,40705.0,1.1662989599151887
70,2020-10-05,5,10,2020,34901,400,United_States_of_America,US,USA,329064917.0,America,186.29485197,7417845,34901.0,0.688939773781559
71,2020-10-04,4,10,2020,50659,678,United_States_of_America,US,USA,329064917.0,America,187.79941831,7382944,50659.0,0.930017807640763
72,2020-10-03,3,10,2020,54471,908,United_States_of_America,US,USA,329064917.0,America,184.64988779,7332285,54471.0,1.2166581045766232
73,2020-10-02,2,10,2020,44771,880,United_States_of_America,US,USA,329064917.0,America,183.35470262,7277814,44771.0,1.0664332332904578
74,2020-10-01,1,10,2020,41982,930,United_States_of_America,US,USA,329064917.0,America,182.98881737,7233043,41982.0,0.9759397447520748
75,2020-09-30,30,9,2020,43017,928,United_States_of_America,US,USA,329064917.0,America,177.70596918,7191061,43017.0,1.3036244620886115
76,2020-09-29,29,9,2020,32998,314,United_States_of_America,US,USA,329064917.0,America,180.27567491,7148044,32998.0,0.9103398808210108
77,2020-09-28,28,9,2020,36248,259,United_States_of_America,US,USA,329064917.0,America,180.83574677,7115046,36248.0,0.7989772526891201
78,2020-09-27,27,9,2020,45368,723,United_States_of_America,US,USA,329064917.0,America,180.1133969,7078798,45368.0,0.8246778034282806
79,2020-09-26,26,9,2020,55013,964,United_States_of_America,US,USA,329064917.0,America,178.73129879,7033430,55013.0,1.2442720466831023
80,2020-09-25,25,9,2020,44213,901,United_States_of_America,US,USA,329064917.0,America,176.61864574,6978417,44213.0,1.1656472449248616
81,2020-09-24,24,9,2020,37930,1102,United_States_of_America,US,USA,329064917.0,America,174.58074997,6934204,37930.0,0.990158456678936
82,2020-09-23,23,9,2020,38307,926,United_States_of_America,US,USA,329064917.0,America,172.75648987,6896274,38307.0,0.7206930935224729
83,2020-09-22,22,9,2020,53153,372,United_States_of_America,US,USA,329064917.0,America,169.3574645,6857967,53153.0,1.3337599116731909
84,2020-09-21,21,9,2020,39852,251,United_States_of_America,US,USA,329064917.0,America,160.57409122,6804814,39852.0,0.9890060801588286
85,2020-09-20,20,9,2020,40295,669,United_States_of_America,US,USA,329064917.0,America,157.74881283,6764962,40295.0,0.802545360393555
86,2020-09-19,19,9,2020,50209,956,United_States_of_America,US,USA,329064917.0,America,158.91727528,6724667,50209.0,1.152454839672229
87,2020-09-18,18,9,2020,43567,831,United_States_of_America,US,USA,329064917.0,America,159.17922967,6674458,43567.0,1.7711602569314577
88,2020-09-17,17,9,2020,24598,865,United_States_of_America,US,USA,329064917.0,America,156.95535237,6630891,24598.0,0.47788160783323297
89,2020-09-16,16,9,2020,51473,1407,United_States_of_America,US,USA,329064917.0,America,161.2572391,6606293,51473.0,1.4773686174334835
90,2020-09-15,15,9,2020,34841,451,United_States_of_America,US,USA,329064917.0,America,159.18044524,6554820,34841.0,1.0286380679637448
91,2020-09-14,14,9,2020,33871,378,United_States_of_America,US,USA,329064917.0,America,158.87928885,6519979,33871.0,0.8297648211660951
92,2020-09-13,13,9,2020,40820,685,United_States_of_America,US,USA,329064917.0,America,159.39894316,6486108,40820.0,0.8493373005139302
93,2020-09-12,12,9,2020,48061,1227,United_States_of_America,US,USA,329064917.0,America,160.4087743,6445288,48061.0,1.2813874743381235
94,2020-09-11,11,9,2020,37507,974,United_States_of_America,US,USA,329064917.0,America,160.8928733,6397227,37507.0,1.1747737025088483
95,2020-09-10,10,9,2020,31927,1136,United_States_of_America,US,USA,329064917.0,America,163.44616889,6359720,31927.0,1.1771624511466705
96,2020-09-09,9,9,2020,27122,471,United_States_of_America,US,USA,329064917.0,America,166.76496693,6327793,27122.0,1.1184329896907217
97,2020-09-08,8,9,2020,24250,267,United_States_of_America,US,USA,329064917.0,America,170.10686071,6300671,24250.0,0.7936507936507936
98,2020-09-07,7,9,2020,30555,403,United_States_of_America,US,USA,329064917.0,America,174.37592717,6276421,30555.0,0.6922292705029451
99,2020-09-06,6,9,2020,44140,773,United_States_of_America,US,USA,329064917.0,America,175.57660211,6245866,44140.0,0.864286973037536
100,2020-09-05,5,9,2020,51071,968,United_States_of_America,US,USA,329064917.0,America,175.64892826,6201726,51071.0,1.4088940384562332
101,2020-09-04,4,9,2020,36249,1053,United_States_of_America,US,USA,329064917.0,America,175.2869936,6150655,36249.0,0.935361511069825
102,2020-09-03,3,9,2020,38754,1055,United_States_of_America,US,USA,329064917.0,America,177.64397534,6114406,38754.0,0.868164609422254
103,2020-09-02,2,9,2020,44639,1091,United_States_of_America,US,USA,329064917.0,America,180.2793216,6075652,44639.0,1.3187296898079763
104,2020-09-01,1,9,2020,33850,529,United_States_of_America,US,USA,329064917.0,America,180.11278911,6031013,33850.0,0.9513504398414885
105,2020-08-31,31,8,2020,35581,290,United_States_of_America,US,USA,329064917.0,America,180.47928215,5997163,35581.0,0.8060394626554607
106,2020-08-30,30,8,2020,44143,1006,United_States_of_America,US,USA,329064917.0,America,182.46156578,5961582,44143.0,0.8890119627824545
107,2020-08-29,29,8,2020,49654,949,United_States_of_America,US,USA,329064917.0,America,183.6595057,5917439,49654.0,1.0815744189592456
108,2020-08-28,28,8,2020,45909,1110,United_States_of_America,US,USA,329064917.0,America,188.2737928,5867785,45909.0,1.07143857356236
109,2020-08-27,27,8,2020,42848,1228,United_States_of_America,US,USA,329064917.0,America,189.84946973,5821876,42848.0,1.1240588682809098
110,2020-08-26,26,8,2020,38119,1207,United_States_of_America,US,USA,329064917.0,America,193.8283199,5779028,38119.0,0.9953261266906888
111,2020-08-25,25,8,2020,38298,473,United_States_of_America,US,USA,329064917.0,America,196.47035178,5740909,38298.0,1.1098939314901757
112,2020-08-24,24,8,2020,34506,444,United_States_of_America,US,USA,329064917.0,America,199.88366004,5702611,34506.0,0.7775474334129524
113,2020-08-23,23,8,2020,44378,956,United_States_of_America,US,USA,329064917.0,America,203.63398387,5668105,44378.0,0.8896952686447474
114,2020-08-22,22,8,2020,49880,1151,United_States_of_America,US,USA,329064917.0,America,207.23296978,5623727,49880.0,1.13350755595955
115,2020-08-21,21,8,2020,44005,1078,United_States_of_America,US,USA,329064917.0,America,209.7461517,5573847,44005.0,0.9278665710791549
116,2020-08-20,20,8,2020,47426,1356,United_States_of_America,US,USA,329064917.0,America,214.53244133,5529842,47426.0,1.075639019300991
117,2020-08-19,19,8,2020,44091,1324,United_States_of_America,US,USA,329064917.0,America,216.16676931,5482416,44091.0,1.2577304883614788
118,2020-08-18,18,8,2020,35056,445,United_States_of_America,US,USA,329064917.0,America,220.24924644,5438325,35056.0,0.8326049781493445
119,2020-08-17,17,8,2020,42104,571,United_States_of_America,US,USA,329064917.0,America,223.45560466,5403269,42104.0,0.8756160964957888
120,2020-08-16,16,8,2020,48085,1035,United_States_of_America,US,USA,329064917.0,America,225.09874549,5361165,48085.0,0.7416175699435517
121,2020-08-15,15,8,2020,64838,1336,United_States_of_America,US,USA,329064917.0,America,228.23551257,5313080,64838.0,1.2689944024738717
122,2020-08-14,14,8,2020,51094,1083,United_States_of_America,US,USA,329064917.0,America,228.89951529,5248242,51094.0,0.9133551420246331
123,2020-08-13,13,8,2020,55941,1490,United_States_of_America,US,USA,329064917.0,America,234.04682791,5197148,55941.0,1.1949885715506376
124,2020-08-12,12,8,2020,46813,1076,United_States_of_America,US,USA,329064917.0,America,239.83413583,5141207,46813.0,0.9451443569553806
125,2020-08-11,11,8,2020,49530,523,United_States_of_America,US,USA,329064917.0,America,244.36849948,5094394,49530.0,1.0572715435353384
126,2020-08-10,10,8,2020,46847,513,United_States_of_America,US,USA,329064917.0,America,246.40852249,5044864,46847.0,0.8332651500329058
127,2020-08-09,9,8,2020,56221,1069,United_States_of_America,US,USA,329064917.0,America,249.18791328,4998017,56221.0,0.9668271711092004
128,2020-08-08,8,8,2020,58150,1252,United_States_of_America,US,USA,329064917.0,America,252.00711384,4941796,58150.0,0.9731403229855242
129,2020-08-07,7,8,2020,59755,1848,United_States_of_America,US,USA,329064917.0,America,258.16911986,4883646,59755.0,1.1316377547155518
130,2020-08-06,6,8,2020,52804,1450,United_States_of_America,US,USA,329064917.0,America,259.21481019,4823891,52804.0,0.9179313342025206
131,2020-08-05,5,8,2020,57525,1403,United_States_of_America,US,USA,329064917.0,America,264.09044389,4771087,57525.0,1.261319534282018
132,2020-08-04,4,8,2020,45607,543,United_States_of_America,US,USA,329064917.0,America,268.50385877,4713562,45607.0,0.9599250699837932
133,2020-08-03,3,8,2020,47511,413,United_States_of_America,US,USA,329064917.0,America,271.8901207,4667955,47511.0,0.8134470183368432
134,2020-08-02,2,8,2020,58407,1133,United_States_of_America,US,USA,329064917.0,America,276.23120942,4620444,58407.0,0.8714471151694194
135,2020-08-01,1,8,2020,67023,1244,United_States_of_America,US,USA,329064917.0,America,277.8545973,4562037,67023.0,0.9851687441204139
136,2020-07-31,31,7,2020,68032,1357,United_States_of_America,US,USA,329064917.0,America,279.21329578,4495014,68032.0,0.9072747882909915
137,2020-07-30,30,7,2020,74985,1457,United_States_of_America,US,USA,329064917.0,America,281.9173215,4426982,74985.0,1.2146467100787248
138,2020-07-29,29,7,2020,61734,1245,United_States_of_America,US,USA,329064917.0,America,279.70863877,4351997,61734.0,1.0976299272798393
139,2020-07-28,28,7,2020,56243,1076,United_States_of_America,US,USA,329064917.0,America,281.77023806,4290263,56243.0,1.0044648438197632
140,2020-07-27,27,7,2020,55993,475,United_States_of_America,US,USA,329064917.0,America,282.33881888,4234020,55993.0,0.8548810650706892
141,2020-07-26,26,7,2020,65498,914,United_States_of_America,US,USA,329064917.0,America,282.72324151,4178027,65498.0,0.8351460593928112
142,2020-07-25,25,7,2020,78427,1304,United_States_of_America,US,USA,329064917.0,America,281.97961924,4112529,78427.0,1.2410120893727452
143,2020-07-24,24,7,2020,63196,1052,United_States_of_America,US,USA,329064917.0,America,278.39309287,4034102,63196.0,0.9179061120148734
144,2020-07-23,23,7,2020,68848,1124,United_States_of_America,US,USA,329064917.0,America,278.33474572,3970906,68848.0,0.9555851654452587
145,2020-07-22,22,7,2020,72048,1160,United_States_of_America,US,USA,329064917.0,America,275.31345737,3902058,72048.0,1.269568281938326
146,2020-07-21,21,7,2020,56750,372,United_States_of_America,US,USA,329064917.0,America,270.88424015,3830010,56750.0,0.9183442293999612
147,2020-07-20,20,7,2020,61796,415,United_States_of_America,US,USA,329064917.0,America,268.82993425,3773260,61796.0,0.9693642253211815
148,2020-07-19,19,7,2020,63749,853,United_States_of_America,US,USA,329064917.0,America,264.96960173,3711464,63749.0,0.8916692309844183
149,2020-07-18,18,7,2020,71494,908,United_States_of_America,US,USA,329064917.0,America,259.33910177,3647715,71494.0,0.9293383595476407
150,2020-07-17,17,7,2020,76930,939,United_States_of_America,US,USA,329064917.0,America,254.15714553,3576221,76930.0,1.1360515084838372
151,2020-07-16,16,7,2020,67717,953,United_States_of_America,US,USA,329064917.0,America,247.00627688,3499291,67717.0,0.98830964126215
152,2020-07-15,15,7,2020,68518,861,United_States_of_America,US,USA,329064917.0,America,242.24460245,3431574,68518.0,1.1790274288467495
153,2020-07-14,14,7,2020,58114,400,United_States_of_America,US,USA,329064917.0,America,234.75732601,3363056,58114.0,1.0149498759998603
154,2020-07-13,13,7,2020,57258,391,United_States_of_America,US,USA,329064917.0,America,229.72549213,3304942,57258.0,0.9081219964790408
155,2020-07-12,12,7,2020,63051,717,United_States_of_America,US,USA,329064917.0,America,224.07767036,3247684,63051.0,0.9463564727954972
156,2020-07-11,11,7,2020,66625,806,United_States_of_America,US,USA,329064917.0,America,217.82814362,3184633,66625.0,1.0574725414259412
157,2020-07-10,10,7,2020,63004,982,United_States_of_America,US,USA,329064917.0,America,211.41664275,3118008,63004.0,1.0695684650120532
158,2020-07-09,9,7,2020,58906,829,United_States_of_America,US,USA,329064917.0,America,204.71431781,3055004,58906.0,1.0249334470099003
159,2020-07-08,8,7,2020,57473,1174,United_States_of_America,US,USA,329064917.0,America,197.24861766,2996098,57473.0,1.1496899379875976
160,2020-07-07,7,7,2020,49990,359,United_States_of_America,US,USA,329064917.0,America,190.33417652,2938625,49990.0,1.0182714439940521
161,2020-07-06,6,7,2020,49093,271,United_States_of_America,US,USA,329064917.0,America,184.68179639,2888635,49093.0,1.085623935782048
162,2020-07-05,5,7,2020,45221,242,United_States_of_America,US,USA,329064917.0,America,177.60112665,2839542,45221.0,0.8306270893795231
163,2020-07-04,4,7,2020,54442,694,United_States_of_America,US,USA,329064917.0,America,174.23917603,2794321,54442.0,1.0195322009775465
164,2020-07-03,3,7,2020,53399,678,United_States_of_America,US,USA,329064917.0,America,166.78380819,2739879,53399.0,1.025956809099293
165,2020-07-02,2,7,2020,52048,652,United_States_of_America,US,USA,329064917.0,America,158.99294424,2686480,52048.0,1.1861440291704648
166,2020-07-01,1,7,2020,43880,1270,United_States_of_America,US,USA,329064917.0,America,150.94316481,2634432,43880.0,1.0559245355664646
167,2020-06-30,30,6,2020,41556,336,United_States_of_America,US,USA,329064917.0,America,144.81215571,2590552,41556.0,1.0745481343573036
168,2020-06-29,29,6,2020,38673,265,United_States_of_America,US,USA,329064917.0,America,138.24840525,2548996,38673.0,0.9102527891540743
169,2020-06-28,28,6,2020,42486,500,United_States_of_America,US,USA,329064917.0,America,132.43496267,2510323,42486.0,0.933204472071518
170,2020-06-27,27,6,2020,45527,623,United_States_of_America,US,USA,329064917.0,America,127.28521892,2467837,45527.0,1.1117976018950402
171,2020-06-26,26,6,2020,40949,2437,United_States_of_America,US,USA,329064917.0,America,121.24142666,2422310,40949.0,1.1924925012376597
172,2020-06-25,25,6,2020,34339,751,United_States_of_America,US,USA,329064917.0,America,115.75132453,2381361,34339.0,0.9890264976958525
173,2020-06-24,24,6,2020,34720,826,United_States_of_America,US,USA,329064917.0,America,111.580415,2347022,34720.0,1.106084740363173
174,2020-06-23,23,6,2020,31390,427,United_States_of_America,US,USA,329064917.0,America,106.70143849,2312302,31390.0,1.2169968596130734
175,2020-06-22,22,6,2020,25793,256,United_States_of_America,US,USA,329064917.0,America,102.88213131,2280912,25793.0,0.7551086129164472
176,2020-06-21,21,6,2020,34158,607,United_States_of_America,US,USA,329064917.0,America,101.82124641,2255119,34158.0,1.1420642615935004
177,2020-06-20,20,6,2020,29909,678,United_States_of_America,US,USA,329064917.0,America,98.19430249,2220961,29909.0,1.077335926806426
178,2020-06-19,19,6,2020,27762,717,United_States_of_America,US,USA,329064917.0,America,96.75659226,2191052,27762.0,1.0861927305450134
179,2020-06-18,18,6,2020,25559,754,United_States_of_America,US,USA,329064917.0,America,94.74422337,2163290,25559.0,1.0782113478169162
180,2020-06-17,17,6,2020,23705,836,United_States_of_America,US,USA,329064917.0,America,92.96341974,2137731,23705.0,1.1878037781229644
181,2020-06-16,16,6,2020,19957,395,United_States_of_America,US,USA,329064917.0,America,92.00281901,2114026,19957.0,1.0211840556721077
182,2020-06-15,15,6,2020,19543,296,United_States_of_America,US,USA,329064917.0,America,92.3459124,2094069,19543.0,0.7651918559122944
183,2020-06-14,14,6,2020,25540,767,United_States_of_America,US,USA,329064917.0,America,92.42613973,2074526,25540.0,0.9961386949569015
184,2020-06-13,13,6,2020,25639,849,United_States_of_America,US,USA,329064917.0,America,91.74451131,2048986,25639.0,1.1204387536599223
185,2020-06-12,12,6,2020,22883,896,United_States_of_America,US,USA,329064917.0,America,91.65273611,2023347,22883.0,1.1100708256524692
186,2020-06-11,11,6,2020,20614,918,United_States_of_America,US,USA,329064917.0,America,91.32878787,2000464,20614.0,1.1044200375033486
187,2020-06-10,10,6,2020,18665,999,United_States_of_America,US,USA,329064917.0,America,90.75352144,1979850,18665.0,0.9916586972691531
188,2020-06-09,9,6,2020,18822,493,United_States_of_America,US,USA,329064917.0,America,90.82797483,1961185,18822.0,0.8439601829432338
189,2020-06-08,8,6,2020,22302,712,United_States_of_America,US,USA,329064917.0,America,90.90151655,1942363,22302.0,1.0035548755793546
190,2020-06-07,7,6,2020,22223,659,United_States_of_America,US,USA,329064917.0,America,90.37456886,1920061,22223.0,0.8826356342838987
191,2020-06-06,6,6,2020,25178,932,United_States_of_America,US,USA,329064917.0,America,90.07462804,1897838,25178.0,1.1910122989593188
192,2020-06-05,5,6,2020,21140,1036,United_States_of_America,US,USA,329064917.0,America,89.761316,1872660,21140.0,1.0731509213665669
193,2020-06-04,4,6,2020,19699,994,United_States_of_America,US,USA,329064917.0,America,91.0662257,1851520,19699.0,0.958868769470405
194,2020-06-03,3,6,2020,20544,1034,United_States_of_America,US,USA,329064917.0,America,92.15598027,1831821,20544.0,0.9742957412501185
195,2020-06-02,2,6,2020,21086,764,United_States_of_America,US,USA,329064917.0,America,91.98154661,1811277,21086.0,1.0645731307113646
196,2020-06-01,1,6,2020,19807,602,United_States_of_America,US,USA,329064917.0,America,92.21098462,1790191,19807.0,0.8501953041164099
197,2020-05-31,31,5,2020,23297,945,United_States_of_America,US,USA,329064917.0,America,91.92715005,1770384,23297.0,0.9194853376484983
198,2020-05-30,30,5,2020,25337,1219,United_States_of_America,US,USA,329064917.0,America,92.28878082,1747087,25337.0,1.1613420726956043
199,2020-05-29,29,5,2020,21817,1175,United_States_of_America,US,USA,329064917.0,America,92.34074625,1721750,21817.0,1.1653757812082688
200,2020-05-28,28,5,2020,18721,1526,United_States_of_America,US,USA,329064917.0,America,93.95927187,1699933,18721.0,0.9900052882072977
201,2020-05-27,27,5,2020,18910,696,United_States_of_America,US,USA,329064917.0,America,94.58559206,1681212,18910.0,0.9919219471254721
202,2020-05-26,26,5,2020,19064,500,United_States_of_America,US,USA,329064917.0,America,95.53920329,1662302,19064.0,0.926876701672501
203,2020-05-25,25,5,2020,20568,633,United_States_of_America,US,USA,329064917.0,America,95.25141813,1643238,20568.0,0.9685439819174986
204,2020-05-24,24,5,2020,21236,1080,United_States_of_America,US,USA,329064917.0,America,95.15721179,1622670,21236.0,0.8794467221601027
205,2020-05-23,23,5,2020,24147,1305,United_States_of_America,US,USA,329064917.0,America,96.48704058,1601434,24147.0,0.9493984430290163
206,2020-05-22,22,5,2020,25434,1263,United_States_of_America,US,USA,329064917.0,America,97.34097543,1577287,25434.0,1.0922911745759072
207,2020-05-21,21,5,2020,23285,1518,United_States_of_America,US,USA,329064917.0,America,98.2328967,1551853,23285.0,1.1659989984977466
208,2020-05-20,20,5,2020,19970,1568,United_States_of_America,US,USA,329064917.0,America,98.48907716,1528568,19970.0,0.9143354242021885
209,2020-05-19,19,5,2020,21841,791,United_States_of_America,US,USA,329064917.0,America,99.66544079,1508598,21841.0,1.1572616966036136
210,2020-05-18,18,5,2020,18873,808,United_States_of_America,US,USA,329064917.0,America,99.89396712,1486757,18873.0,0.7707354923020379
211,2020-05-17,17,5,2020,24487,1186,United_States_of_America,US,USA,329064917.0,America,101.7474008,1467884,24487.0,0.9599733416967225
212,2020-05-16,16,5,2020,25508,1662,United_States_of_America,US,USA,329064917.0,America,103.20638344,1443397,25508.0,0.9397634749290793
213,2020-05-15,15,5,2020,27143,1773,United_States_of_America,US,USA,329064917.0,America,105.77335414,1417889,27143.0,1.3060821865075547
214,2020-05-14,14,5,2020,20782,1746,United_States_of_America,US,USA,329064917.0,America,106.6163489,1390746,20782.0,0.9425798258345428
215,2020-05-13,13,5,2020,22048,1703,United_States_of_America,US,USA,329064917.0,America,108.60501425,1369964,22048.0,1.2169785284539383
216,2020-05-12,12,5,2020,18117,1156,United_States_of_America,US,USA,329064917.0,America,109.23832394,1347916,18117.0,0.8943133576858525
217,2020-05-11,11,5,2020,20258,734,United_States_of_America,US,USA,329064917.0,America,110.58273951,1329799,20258.0,0.7909573637357489
218,2020-05-10,10,5,2020,25612,1614,United_States_of_America,US,USA,329064917.0,America,112.5881189,1309541,25612.0,0.9501057239307045
219,2020-05-09,9,5,2020,26957,1510,United_States_of_America,US,USA,329064917.0,America,119.55239823,1283929,26957.0,0.9502273608516338
220,2020-05-08,8,5,2020,28369,2239,United_States_of_America,US,USA,329064917.0,America,117.8490869,1256972,28369.0,1.1757708885941645
221,2020-05-07,7,5,2020,24128,2353,United_States_of_America,US,USA,329064917.0,America,117.2941812,1228603,24128.0,1.0120380856507696
222,2020-05-06,6,5,2020,23841,2144,United_States_of_America,US,USA,329064917.0,America,115.30673141,1204475,23841.0,1.0552383481609349
223,2020-05-05,5,5,2020,22593,1252,United_States_of_America,US,USA,329064917.0,America,119.39346302,1180634,22593.0,0.9047333012974531
224,2020-05-04,4,5,2020,24972,1297,United_States_of_America,US,USA,329064917.0,America,121.05635679,1158041,24972.0,0.8526358918328325
225,2020-05-03,3,5,2020,29288,1317,United_States_of_America,US,USA,329064917.0,America,120.94361308,1133069,29288.0,0.8625533794728317
226,2020-05-02,2,5,2020,33955,2062,United_States_of_America,US,USA,329064917.0,America,122.04795445,1103781,33955.0,1.1349734264799278
227,2020-05-01,1,5,2020,29917,2040,United_States_of_America,US,USA,329064917.0,America,121.09920548,1069826,29917.0,1.0948181219351534
228,2020-04-30,30,4,2020,27326,2611,United_States_of_America,US,USA,329064917.0,America,121.63101544,1039909,27326.0,1.1323553787502072
229,2020-04-29,29,4,2020,24132,2110,United_States_of_America,US,USA,329064917.0,America,122.48859698,1012583,24132.0,1.0705824941218225
230,2020-04-28,28,4,2020,22541,1369,United_States_of_America,US,USA,329064917.0,America,123.336454,988451,22541.0,0.8392970175373273
231,2020-04-27,27,4,2020,26857,1687,United_States_of_America,US,USA,329064917.0,America,124.09071247,965910,26857.0,0.5534216653959488
232,2020-04-26,26,4,2020,48529,2172,United_States_of_America,US,USA,329064917.0,America,124.32258161,939053,48529.0,2.2728081678531287
233,2020-04-25,25,4,2020,21352,1054,United_States_of_America,US,USA,329064917.0,America,118.2028165,890524,21352.0,0.8044305466601364
234,2020-04-24,24,4,2020,26543,3179,United_States_of_America,US,USA,329064917.0,America,122.51047717,869172,26543.0,1.5091539686149646
235,2020-04-23,23,4,2020,17588,1721,United_States_of_America,US,USA,329064917.0,America,124.74651012,842629,17588.0,0.471667247713803
236,2020-04-22,22,4,2020,37289,2524,United_States_of_America,US,USA,329064917.0,America,129.52824138,825041,37289.0,1.3286655977195796
237,2020-04-21,21,4,2020,28065,1857,United_States_of_America,US,USA,329064917.0,America,127.49946236,787752,28065.0,1.1408072842567376
238,2020-04-20,20,4,2020,24601,1772,United_States_of_America,US,USA,329064917.0,America,128.25797531,759687,24601.0,0.7472510783062998
239,2020-04-19,19,4,2020,32922,1856,United_States_of_America,US,USA,329064917.0,America,128.50017676,735086,32922.0,1.0677520838063115
240,2020-04-18,18,4,2020,30833,3770,United_States_of_America,US,USA,329064917.0,America,128.91043016,702164,30833.0,0.9736634351217356
241,2020-04-17,17,4,2020,31667,2299,United_States_of_America,US,USA,329064917.0,America,129.39422527,671331,31667.0,1.0503847684755208
242,2020-04-16,16,4,2020,30148,4928,United_States_of_America,US,USA,329064917.0,America,128.52874255,639664,30148.0,1.119827650248867
243,2020-04-15,15,4,2020,26922,2408,United_States_of_America,US,USA,329064917.0,America,127.60339322,609516,26922.0,1.0758901810334491
244,2020-04-14,14,4,2020,25023,1541,United_States_of_America,US,USA,329064917.0,America,127.01870616,582594,25023.0,0.9059739319333816
245,2020-04-13,13,4,2020,27620,1500,United_States_of_America,US,USA,329064917.0,America,125.97696642,557571,27620.0,0.9728435067450952
246,2020-04-12,12,4,2020,28391,1831,United_States_of_America,US,USA,329064917.0,America,123.16293201,529951,28391.0,0.7991386832549892
247,2020-04-11,11,4,2020,35527,2087,United_States_of_America,US,USA,329064917.0,America,120.60659751,501560,35527.0,1.0479631869266393
248,2020-04-10,10,4,2020,33901,1873,United_States_of_America,US,USA,329064917.0,America,115.49149738,466033,33901.0,1.0173453770668908
249,2020-04-09,9,4,2020,33323,1922,United_States_of_America,US,USA,329064917.0,America,110.29373879,432132,33323.0,1.0885244830627512
250,2020-04-08,8,4,2020,30613,1906,United_States_of_America,US,USA,329064917.0,America,104.41040119,398809,30613.0,1.0017015150027813
251,2020-04-07,7,4,2020,30561,1342,United_States_of_America,US,USA,329064917.0,America,97.77827516,368196,30561.0,1.2032837231278053
252,2020-04-06,6,4,2020,25398,1146,United_States_of_America,US,USA,329064917.0,America,91.90557376,337635,25398.0,0.7410714285714286
253,2020-04-05,5,4,2020,34272,1344,United_States_of_America,US,USA,329064917.0,America,86.75795725,312237,34272.0,1.0569622205088667
254,2020-04-04,4,4,2020,32425,1104,United_States_of_America,US,USA,329064917.0,America,78.50760949,277965,32425.0,1.1251257850723482
255,2020-04-03,3,4,2020,28819,915,United_States_of_America,US,USA,329064917.0,America,70.28704309,245540,28819.0,1.0633140242777552
256,2020-04-02,2,4,2020,27103,1059,United_States_of_America,US,USA,329064917.0,America,62.99851163,216721,27103.0,1.0842067365389232
257,2020-04-01,1,4,2020,24998,909,United_States_of_America,US,USA,329064917.0,America,55.67017039,189618,24998.0,1.1575827737902291
258,2020-03-31,31,3,2020,21595,661,United_States_of_America,US,USA,329064917.0,America,48.61016527,164620,21595.0,1.17619825708061
259,2020-03-30,30,3,2020,18360,318,United_States_of_America,US,USA,329064917.0,America,42.31718205,143025,18360.0,0.9189649131588168
260,2020-03-29,29,3,2020,19979,484,United_States_of_America,US,USA,329064917.0,America,36.98783848,124665,19979.0,1.068681465632522
261,2020-03-28,28,3,2020,18695,411,United_States_of_America,US,USA,329064917.0,America,31.15251572,104686,18695.0,1.1129963683991189
262,2020-03-27,27,3,2020,16797,246,United_States_of_America,US,USA,329064917.0,America,25.62655441,85991,16797.0,1.202964978872735
263,2020-03-26,26,3,2020,13963,249,United_States_of_America,US,USA,329064917.0,America,20.62875636,69194,13963.0,1.5886904084651268
264,2020-03-25,25,3,2020,8789,211,United_States_of_America,US,USA,329064917.0,America,16.47273751,55231,8789.0,0.7822178711285155
265,2020-03-24,24,3,2020,11236,119,United_States_of_America,US,USA,329064917.0,America,13.88419052,46442,11236.0,1.328289395909682
266,2020-03-23,23,3,2020,8459,131,United_States_of_America,US,USA,329064917.0,America,10.53044497,35206,8459.0,1.187561420749684
267,2020-03-22,22,3,2020,7123,80,United_States_of_America,US,USA,329064917.0,America,7.99659843,26747,7123.0,1.3254558987718645
268,2020-03-21,21,3,2020,5374,110,United_States_of_America,US,USA,329064917.0,America,5.86084964,19624,5374.0,1.1114788004136504
269,2020-03-20,20,3,2020,4835,0,United_States_of_America,US,USA,329064917.0,America,4.25964583,14250,4835.0,1.6181392235609102
270,2020-03-19,19,3,2020,2988,42,United_States_of_America,US,USA,329064917.0,America,2.81281885,9415,2988.0,1.6919592298980748
271,2020-03-18,18,3,2020,1766,23,United_States_of_America,US,USA,329064917.0,America,1.91512364,6427,1766.0,1.9909808342728297
272,2020-03-17,17,3,2020,887,16,United_States_of_America,US,USA,329064917.0,America,1.38513702,4661,887.0,1.077764277035237
273,2020-03-16,16,3,2020,823,12,United_States_of_America,US,USA,329064917.0,America,1.11983983,3774,823.0,1.0592020592020592
274,2020-03-15,15,3,2020,777,10,United_States_of_America,US,USA,329064917.0,America,0.87581503,2951,777.0,1.5205479452054795
275,2020-03-14,14,3,2020,511,7,United_States_of_America,US,USA,329064917.0,America,0.64060308,2174,511.0,1.4558404558404558
276,2020-03-13,13,3,2020,351,10,United_States_of_America,US,USA,329064917.0,America,0.48713792,1663,351.0,1.2229965156794425
277,2020-03-12,12,3,2020,287,2,United_States_of_America,US,USA,329064917.0,America,0.38077593,1312,287.0,1.0590405904059041
278,2020-03-11,11,3,2020,271,2,United_States_of_America,US,USA,329064917.0,America,0.29538245,1025,271.0,1.355
279,2020-03-10,10,3,2020,200,5,United_States_of_America,US,USA,329064917.0,America,0.21302787,754,200.0,1.6528925619834711
280,2020-03-09,9,3,2020,121,4,United_States_of_America,US,USA,329064917.0,America,0.15771964,554,121.0,1.2736842105263158
281,2020-03-08,8,3,2020,95,3,United_States_of_America,US,USA,329064917.0,America,0.12094878,433,95.0,0.9047619047619048
282,2020-03-07,7,3,2020,105,2,United_States_of_America,US,USA,329064917.0,America,0.0920791,338,105.0,1.4189189189189189
283,2020-03-06,6,3,2020,74,1,United_States_of_America,US,USA,329064917.0,America,0.06594443,233,74.0,2.176470588235294
284,2020-03-05,5,3,2020,34,2,United_States_of_America,US,USA,329064917.0,America,0.04376036,159,34.0,1.5454545454545454
285,2020-03-04,4,3,2020,22,3,United_States_of_America,US,USA,329064917.0,America,0.03342805,125,22.0,1.5714285714285714
286,2020-03-03,3,3,2020,14,4,United_States_of_America,US,USA,329064917.0,America,0.02674244,103,14.0,0.7
287,2020-03-02,2,3,2020,20,1,United_States_of_America,US,USA,329064917.0,America,0.02248796,89,20.0,6.666666666666667
288,2020-03-01,1,3,2020,3,1,United_States_of_America,US,USA,329064917.0,America,0.01641014,69,3.0,0.5
289,2020-02-29,29,2,2020,6,0,United_States_of_America,US,USA,329064917.0,America,0.01549846,66,6.0,6.0
290,2020-02-28,28,2,2020,1,0,United_States_of_America,US,USA,329064917.0,America,0.01367511,60,1.0,0.16666666666666666
291,2020-02-27,27,2,2020,6,0,United_States_of_America,US,USA,329064917.0,America,0.01367511,59,6.0,inf
292,2020-02-26,26,2,2020,0,0,United_States_of_America,US,USA,329064917.0,America,0.01215566,53,0.0,0.0
293,2020-02-25,25,2,2020,18,0,United_States_of_America,US,USA,329064917.0,America,0.01215566,53,18.0,inf
294,2020-02-24,24,2,2020,0,0,United_States_of_America,US,USA,329064917.0,America,0.0069895,35,0.0,
295,2020-02-23,23,2,2020,0,0,United_States_of_America,US,USA,329064917.0,America,0.0069895,35,0.0,0.0
296,2020-02-22,22,2,2020,19,0,United_States_of_America,US,USA,329064917.0,America,0.0069895,35,19.0,19.0
297,2020-02-21,21,2,2020,1,0,United_States_of_America,US,USA,329064917.0,America,0.00121557,16,1.0,inf
298,2020-02-20,20,2,2020,0,0,United_States_of_America,US,USA,329064917.0,America,0.00091167,15,0.0,
299,2020-02-19,19,2,2020,0,0,United_States_of_America,US,USA,329064917.0,America,0.00121557,15,0.0,
300,2020-02-18,18,2,2020,0,0,United_States_of_America,US,USA,329064917.0,America,0.00121557,15,0.0,
301,2020-02-17,17,2,2020,0,0,United_States_of_America,US,USA,329064917.0,America,0.00121557,15,0.0,
302,2020-02-16,16,2,2020,0,0,United_States_of_America,US,USA,329064917.0,America,0.00212724,15,0.0,
303,2020-02-15,15,2,2020,0,0,United_States_of_America,US,USA,329064917.0,America,0.00243113,15,0.0,0.0
304,2020-02-14,14,2,2020,1,0,United_States_of_America,US,USA,329064917.0,America,0.00273502,15,1.0,1.0
305,2020-02-13,13,2,2020,1,0,United_States_of_America,US,USA,329064917.0,America,0.00273502,14,1.0,inf
306,2020-02-12,12,2,2020,0,0,United_States_of_America,US,USA,329064917.0,America,0.00243113,13,0.0,0.0
307,2020-02-11,11,2,2020,1,0,United_States_of_America,US,USA,329064917.0,America,0.00243113,13,1.0,inf
308,2020-02-10,10,2,2020,0,0,United_States_of_America,US,USA,329064917.0,America,0.00212724,12,0.0,
309,2020-02-09,9,2,2020,0,0,United_States_of_America,US,USA,329064917.0,America,0.00303891,12,0.0,
310,2020-02-08,8,2,2020,0,0,United_States_of_America,US,USA,329064917.0,America,0.00303891,12,0.0,
311,2020-02-07,7,2,2020,0,0,United_States_of_America,US,USA,329064917.0,America,0.00334281,12,0.0,0.0
312,2020-02-06,6,2,2020,1,0,United_States_of_America,US,USA,329064917.0,America,0.00334281,12,1.0,inf
313,2020-02-05,5,2,2020,0,0,United_States_of_America,US,USA,329064917.0,America,0.00303891,11,0.0,
314,2020-02-04,4,2,2020,0,0,United_States_of_America,US,USA,329064917.0,America,0.00303891,11,0.0,0.0
315,2020-02-03,3,2,2020,3,0,United_States_of_America,US,USA,329064917.0,America,0.00334281,11,3.0,3.0
316,2020-02-02,2,2,2020,1,0,United_States_of_America,US,USA,329064917.0,America,0.00243113,8,1.0,1.0
317,2020-02-01,1,2,2020,1,0,United_States_of_America,US,USA,329064917.0,America,0.00212724,7,1.0,1.0
318,2020-01-31,31,1,2020,1,0,United_States_of_America,US,USA,329064917.0,America,0.00182335,6,1.0,inf
319,2020-01-30,30,1,2020,0,0,United_States_of_America,US,USA,329064917.0,America,0.00151946,5,0.0,
320,2020-01-29,29,1,2020,0,0,United_States_of_America,US,USA,329064917.0,America,0.00151946,5,0.0,
321,2020-01-28,28,1,2020,0,0,United_States_of_America,US,USA,329064917.0,America,0.00151946,5,0.0,0.0
322,2020-01-27,27,1,2020,3,0,United_States_of_America,US,USA,329064917.0,America,0.00151946,5,3.0,inf
323,2020-01-26,26,1,2020,0,0,United_States_of_America,US,USA,329064917.0,America,0.00060778,2,0.0,0.0
324,2020-01-25,25,1,2020,1,0,United_States_of_America,US,USA,329064917.0,America,0.00060778,2,1.0,inf
325,2020-01-24,24,1,2020,0,0,United_States_of_America,US,USA,329064917.0,America,0.00030389,1,0.0,
326,2020-01-23,23,1,2020,0,0,United_States_of_America,US,USA,329064917.0,America,0.00030389,1,0.0,
327,2020-01-22,22,1,2020,0,0,United_States_of_America,US,USA,329064917.0,America,0.00030389,1,0.0,0.0
328,2020-01-21,21,1,2020,1,0,United_States_of_America,US,USA,329064917.0,America,0.00030389,1,1.0,inf
329,2020-01-20,20,1,2020,0,0,United_States_of_America,US,USA,329064917.0,America,0.0,0,0.0,
330,2020-01-19,19,1,2020,0,0,United_States_of_America,US,USA,329064917.0,America,0.0,0,0.0,
331,2020-01-18,18,1,2020,0,0,United_States_of_America,US,USA,329064917.0,America,0.0,0,0.0,
332,2020-01-17,17,1,2020,0,0,United_States_of_America,US,USA,329064917.0,America,0.0,0,0.0,
333,2020-01-16,16,1,2020,0,0,United_States_of_America,US,USA,329064917.0,America,0.0,0,0.0,
334,2020-01-15,15,1,2020,0,0,United_States_of_America,US,USA,329064917.0,America,0.0,0,0.0,
335,2020-01-14,14,1,2020,0,0,United_States_of_America,US,USA,329064917.0,America,0.0,0,0.0,
336,2020-01-13,13,1,2020,0,0,United_States_of_America,US,USA,329064917.0,America,0.0,0,0.0,
337,2020-01-12,12,1,2020,0,0,United_States_of_America,US,USA,329064917.0,America,,0,0.0,
338,2020-01-11,11,1,2020,0,0,United_States_of_America,US,USA,329064917.0,America,,0,0.0,
339,2020-01-10,10,1,2020,0,0,United_States_of_America,US,USA,329064917.0,America,,0,0.0,
340,2020-01-09,9,1,2020,0,0,United_States_of_America,US,USA,329064917.0,America,,0,0.0,
341,2020-01-08,8,1,2020,0,0,United_States_of_America,US,USA,329064917.0,America,,0,0.0,
342,2020-01-07,7,1,2020,0,0,United_States_of_America,US,USA,329064917.0,America,,0,0.0,
343,2020-01-06,6,1,2020,0,0,United_States_of_America,US,USA,329064917.0,America,,0,0.0,
344,2020-01-05,5,1,2020,0,0,United_States_of_America,US,USA,329064917.0,America,,0,0.0,
345,2020-01-04,4,1,2020,0,0,United_States_of_America,US,USA,329064917.0,America,,0,0.0,
346,2020-01-03,3,1,2020,0,0,United_States_of_America,US,USA,329064917.0,America,,0,0.0,
347,2020-01-02,2,1,2020,0,0,United_States_of_America,US,USA,329064917.0,America,,0,0.0,
348,2020-01-01,1,1,2020,0,0,United_States_of_America,US,USA,329064917.0,America,,0,0.0,
349,2019-12-31,31,12,2019,0,0,United_States_of_America,US,USA,329064917.0,America,,0,,
